,Relevance,Accuracy,Coherence,Clarity,Breadth and Depth,Reading Experience,total
preds_ws3_st20.0_snks0_hopf_False_type_max_fused_lenNone_gblFalse,91.25000000000001,87.08333333333333,85.00000000000001,82.5,59.166666666666664,77.49999999999999,80.41666666666667
preds_ws10_st50.0_snks0_hopf_True_type_max_fused_lenNone_gblFalse,90.41666666666666,83.33333333333333,83.74999999999999,83.74999999999999,60.83333333333333,75.83333333333333,79.65277777777777
preds_ws5_st50.0_snks0_hopf_True_type_max_fused_lenNone_gblFalse,88.33333333333333,83.74999999999999,77.49999999999999,76.25,55.833333333333336,68.33333333333333,74.99999999999999
