{
    "preds_ws3_st20.0_snks0_hopf_False_type_max_fused_lenNone_gblFalse": {
        "Relevance": 91.25000000000001,
        "Accuracy": 87.08333333333333,
        "Coherence": 85.00000000000001,
        "Clarity": 82.5,
        "Breadth and Depth": 59.166666666666664,
        "Reading Experience": 77.49999999999999,
        "total": 80.41666666666667
    },
    "preds_ws10_st50.0_snks0_hopf_True_type_max_fused_lenNone_gblFalse": {
        "Relevance": 90.41666666666666,
        "Accuracy": 83.33333333333333,
        "Coherence": 83.74999999999999,
        "Clarity": 83.74999999999999,
        "Breadth and Depth": 60.83333333333333,
        "Reading Experience": 75.83333333333333,
        "total": 79.65277777777777
    },
    "preds_ws5_st50.0_snks0_hopf_True_type_max_fused_lenNone_gblFalse": {
        "Relevance": 88.33333333333333,
        "Accuracy": 83.74999999999999,
        "Coherence": 77.49999999999999,
        "Clarity": 76.25,
        "Breadth and Depth": 55.833333333333336,
        "Reading Experience": 68.33333333333333,
        "total": 74.99999999999999
    }
}