{"preds_ws3_st20.0_snks0_hopf_False_type_max_fused_lenNone_gblFalse": {"gen_time(s)": [1735322079.123, 8.200000047683716, 9.78600001335144, 22.11299991607666, 19.312000036239624, 20.25, 28.979000091552734, 33.1949999332428, 28.91600012779236, 36.467000007629395, 40.58899998664856, 33.86800003051758, 32.00399994850159, 38.85199999809265, 35.65999984741211, 37.48900008201599, 22.924000024795532, 33.01799988746643, 33.84000015258789, 40.793999910354614, 35.43499994277954, 41.53800010681152, 24.688999891281128, 33.81700015068054, 40.128000020980835, 39.287999868392944, 38.38800001144409, 65.8970000743866, 53.920000076293945, 41.16199994087219, 68.20499992370605, 54.25699996948242, 49.111000061035156, 60.99600005149841, 65.37299990653992, 44.62700009346008, 49.257999897003174, 143.55200004577637, 32.97000002861023, 48.954999923706055, 73.02999997138977, 66.25500011444092, 36.901999950408936, 58.80200004577637, 60.5550000667572, 91.96499991416931, 148.65899991989136, 95.4190001487732, 38.49399995803833, 52.89100003242493, 56.73300004005432, 90.57499980926514, 67.4760000705719, 97.04399991035461, 69.7240002155304, 68.02099990844727, 60.79800009727478, 61.05499982833862, 49.694000005722046, 66.10800004005432], "inp_size": [32, 32, 31, 33, 38, 33, 22, 52, 43, 48, 99, 189, 130, 69, 62, 32, 101, 116, 109, 160, 30, 84, 127, 21, 53, 24, 78, 380, 27, 58, 36, 31, 61, 81, 328, 42, 70, 52, 288, 86, 50, 35, 59, 41, 21, 37, 42, 32, 42, 20, 21, 63, 68, 579, 50, 70, 34, 58, 361, 88], "out_size": [199, 147, 176, 399, 349, 366, 523, 599, 522, 663, 747, 626, 590, 717, 659, 694, 423, 612, 629, 760, 660, 774, 462, 637, 756, 742, 726, 1244, 1017, 774, 1284, 1020, 924, 1150, 1231, 839, 927, 2703, 619, 920, 1379, 1256, 699, 1113, 1148, 1746, 2816, 1812, 726, 1001, 1074, 1719, 1279, 1840, 1320, 1286, 1149, 1156, 940, 1253], "resp_len": [116, 108, 133, 298, 269, 144, 362, 290, 401, 433, 497, 487, 440, 517, 440, 514, 235, 392, 503, 556, 487, 574, 308, 409, 545, 443, 569, 830, 694, 584, 774, 708, 635, 701, 785, 656, 577, 1058, 406, 576, 830, 944, 496, 819, 714, 1042, 1435, 1329, 447, 664, 822, 1232, 927, 1261, 867, 918, 670, 829, 652, 853], "KV_size": [30.277632, 23.461888, 27.131904, 56.623104, 50.724864, 52.297728, 71.43424, 85.327872, 74.05568, 93.192192, 110.886912, 106.82368, 94.37184, 103.022592, 94.502912, 95.158272, 68.681728, 95.420416, 96.731136, 120.58624, 90.43968, 112.459776, 77.201408, 86.245376, 106.037248, 100.401152, 105.381888, 212.860928, 136.839168, 109.051904, 173.01504, 137.756672, 129.10592, 161.349632, 204.341248, 115.474432, 130.678784, 361.10336, 118.882304, 131.858432, 187.301888, 169.213952, 99.352576, 151.257088, 153.223168, 233.701376, 374.603776, 241.696768, 100.663296, 133.824512, 143.52384, 233.570304, 176.553984, 317.063168, 179.56864, 177.733632, 155.058176, 159.121408, 170.524672, 175.767552], "attn_size": [0.0, 0.0, 0.0, 0.0, 0.0, 0.0, 0.0, 0.0, 0.0, 0.0, 0.0, 0.0, 0.0, 0.0, 0.0, 0.0, 0.0, 0.0, 0.0, 0.0, 0.0, 0.0, 0.0, 0.0, 0.0, 0.0, 0.0, 0.0, 0.0, 0.0, 0.0, 0.0, 0.0, 0.0, 0.0, 0.0, 0.0, 0.0, 0.0, 0.0, 0.0, 0.0, 0.0, 0.0, 0.0, 0.0, 0.0, 0.0, 0.0, 0.0, 0.0, 0.0, 0.0, 0.0, 0.0, 0.0, 0.0, 0.0, 0.0, 0.0], "total_cache": [30.277632, 23.461888, 27.131904, 56.623104, 50.724864, 52.297728, 71.43424, 85.327872, 74.05568, 93.192192, 110.886912, 106.82368, 94.37184, 103.022592, 94.502912, 95.158272, 68.681728, 95.420416, 96.731136, 120.58624, 90.43968, 112.459776, 77.201408, 86.245376, 106.037248, 100.401152, 105.381888, 212.860928, 136.839168, 109.051904, 173.01504, 137.756672, 129.10592, 161.349632, 204.341248, 115.474432, 130.678784, 361.10336, 118.882304, 131.858432, 187.301888, 169.213952, 99.352576, 151.257088, 153.223168, 233.701376, 374.603776, 241.696768, 100.663296, 133.824512, 143.52384, 233.570304, 176.553984, 317.063168, 179.56864, 177.733632, 155.058176, 159.121408, 170.524672, 175.767552]}, "preds_ws10_st50.0_snks0_hopf_True_type_max_fused_lenNone_gblFalse": {"gen_time(s)": [1735409235.008, 9.466000080108643, 11.183000087738037, 25.687000036239624, 21.96399998664856, 23.13599991798401, 34.63700008392334, 42.5479998588562, 34.682000160217285, 53.06099987030029, 47.90400004386902, 47.94799995422363, 54.138999938964844, 46.77500009536743, 44.388999938964844, 47.776999950408936, 50.170000076293945, 47.04800009727478, 50.87299990653992, 50.56699991226196, 53.39200019836426, 58.66599988937378, 50.47200012207031, 42.76199984550476, 66.11300015449524, 40.6969997882843, 49.35900020599365, 115.15199995040894, 66.11699986457825, 89.58000016212463, 68.60099983215332, 56.14100003242493, 66.2170000076294, 79.20099997520447, 156.8180000782013, 80.75399994850159, 94.35500001907349, 188.8159999847412, 47.71000003814697, 66.47300004959106, 86.36899995803833, 88.7829999923706, 85.69700002670288, 134.9760000705719, 132.72699999809265, 119.16499996185303, 188.91799998283386, 183.90499997138977, 102.92300009727478, 148.04399991035461, 91.87999987602234, 321.65300011634827, 107.16499996185303, 106.82500004768372, 82.6579999923706, 83.93400001525879, 66.79299998283386, 110.22099995613098, 95.3140001296997, 136.16999983787537], "inp_size": [32, 32, 31, 33, 38, 33, 22, 52, 43, 48, 99, 189, 130, 69, 62, 32, 101, 116, 109, 160, 30, 84, 127, 21, 53, 24, 78, 380, 27, 58, 36, 31, 61, 81, 328, 42, 70, 52, 288, 86, 50, 35, 59, 41, 21, 37, 42, 32, 42, 20, 21, 63, 68, 579, 50, 70, 34, 58, 361, 88], "out_size": [199, 147, 176, 399, 349, 366, 523, 599, 522, 663, 747, 626, 590, 717, 659, 694, 423, 612, 629, 760, 660, 774, 462, 637, 756, 742, 726, 1244, 1017, 774, 1284, 1020, 924, 1150, 1231, 839, 927, 2703, 619, 920, 1379, 1256, 699, 1113, 1148, 1746, 2816, 1812, 726, 1001, 1074, 1719, 1279, 1840, 1320, 1286, 1149, 1156, 940, 1253], "resp_len": [116, 108, 133, 298, 269, 144, 362, 287, 400, 531, 441, 458, 531, 468, 419, 474, 349, 419, 516, 481, 548, 579, 497, 388, 666, 314, 508, 836, 589, 781, 627, 491, 568, 697, 802, 735, 704, 883, 410, 520, 753, 853, 781, 1135, 1020, 937, 1010, 1551, 750, 1192, 859, 2519, 901, 749, 695, 713, 461, 946, 728, 1020], "KV_size": [30.277632, 23.461888, 27.131904, 56.623104, 50.724864, 52.297728, 66.977792, 66.977792, 66.977792, 66.977792, 66.977792, 66.977792, 66.977792, 66.977792, 66.977792, 66.977792, 66.977792, 66.977792, 66.977792, 66.977792, 66.977792, 66.977792, 66.977792, 66.977792, 66.977792, 66.977792, 66.977792, 66.977792, 66.977792, 66.977792, 66.977792, 66.977792, 66.977792, 66.977792, 66.977792, 66.977792, 66.977792, 66.977792, 66.977792, 66.977792, 66.977792, 66.977792, 66.977792, 66.977792, 66.977792, 66.977792, 66.977792, 66.977792, 66.977792, 66.977792, 66.977792, 66.977792, 66.977792, 66.977792, 66.977792, 66.977792, 66.977792, 66.977792, 66.977792, 66.977792], "attn_size": [1.18784, 1.10592, 1.36192, 3.05152, 2.75456, 1.47456, 3.70688, 2.93888, 4.096, 5.43744, 4.51584, 4.68992, 5.43744, 4.79232, 4.29056, 4.85376, 3.57376, 4.29056, 5.28384, 4.92544, 5.61152, 5.92896, 5.08928, 3.97312, 6.81984, 3.21536, 5.20192, 8.56064, 6.03136, 7.99744, 6.42048, 5.02784, 5.81632, 7.13728, 8.21248, 7.5264, 7.20896, 9.04192, 4.1984, 5.3248, 7.71072, 8.73472, 7.99744, 11.6224, 10.4448, 9.59488, 10.3424, 15.88224, 7.68, 12.20608, 8.79616, 25.79456, 9.22624, 7.66976, 7.1168, 7.30112, 4.72064, 9.68704, 7.45472, 10.4448],