,Relevance,Accuracy,Coherence,Clarity,Breadth and Depth,Reading Experience,total
preds_ws3_st20.0_snks0_hopf_False_type_max_fused_lenNone_gblFalse,86.25,83.33333333333333,65.41666666666667,72.91666666666666,55.833333333333336,55.41666666666667,69.8611111111111
preds_ws10_st50.0_snks0_hopf_True_type_max_fused_lenNone_gblFalse,84.58333333333334,82.5,62.083333333333336,66.25,53.75,49.583333333333336,66.45833333333333
preds_ws5_st50.0_snks0_hopf_True_type_max_fused_lenNone_gblFalse,81.66666666666667,76.25,55.41666666666667,65.0,56.25,50.416666666666664,64.16666666666667
