{"preds_ws3_st20.0_snks0_hopf_False_type_max_fused_lenNone_gblFalse": {"gen_time(s)": [1735333021.589, 9.41700005531311, 14.105999946594238, 18.81599998474121, 19.005000114440918, 18.92799997329712, 28.319000005722046, 28.009999990463257, 37.342000007629395, 37.30299997329712, 37.37899994850159, 28.305999994277954, 37.31599998474121, 27.19000005722046, 37.375, 37.355000019073486, 37.36199998855591, 46.687000036239624, 46.669999837875366, 46.66600012779236, 46.57699990272522, 46.63600015640259, 56.01799988746643, 27.605000019073486, 56.628000020980835, 56.58200001716614, 43.454999923706055, 74.89800000190735, 59.473000049591064, 74.87100005149841, 93.57500004768372, 112.45799994468689, 39.06500005722046, 112.59899997711182, 72.84899997711182, 112.52499985694885, 150.2130000591278, 69.25, 192.63899993896484, 192.1840000152588, 70.20600008964539, 247.0550000667572, 248.45299983024597, 287.2650001049042, 313.55800008773804, 314.08199977874756, 315.93300008773804, 390.03399991989136, 472.54500007629395, 54.986000061035156, 44.39999985694885, 663.6850001811981, 664.204999923706, 920.0439999103546, 885.2520000934601, 886.4760000705719, 50.626999855041504, 2097.1340000629425, 2137.013999938965, 61.81700015068054], "inp_size": [28, 28, 26, 31, 32, 30, 19, 43, 39, 37, 79, 165, 111, 63, 58, 28, 92, 108, 98, 142, 26, 76, 103, 16, 45, 21, 64, 327, 21, 53, 33, 23, 57, 70, 279, 36, 62, 48, 241, 78, 43, 31, 52, 35, 18, 29, 37, 29, 30, 16, 18, 58, 63, 513, 44, 65, 25, 51, 337, 80], "out_size": [199, 199, 299, 399, 399, 399, 599, 599, 799, 799, 799, 607, 799, 581, 799, 799, 799, 999, 999, 999, 999, 999, 1199, 584, 1199, 1199, 921, 1599, 1268, 1599, 1999, 2399, 831, 2399, 1552, 2399, 3199, 1475, 3999, 3999, 1519, 4999, 4999, 5599, 5999, 5999, 5999, 6999, 7999, 1177, 958, 9999, 9999, 11999, 11999, 11999, 1083, 19999, 19999, 1309], "resp_len": [128, 161, 243, 337, 331, 243, 466, 420, 599, 637, 653, 491, 676, 439, 571, 603, 591, 803, 806, 753, 823, 852, 935, 495, 800, 828, 777, 814, 1051, 1404, 1467, 1394, 610, 1683, 1143, 1960, 1850, 860, 3265, 3245, 1195, 4259, 3374, 4768, 4458, 4235, 4765, 6228, 7961, 905, 832, 8289, 8755, 10273, 9614, 10265, 831, 17107, 13105, 914], "KV_size": [29.753344, 29.753344, 42.5984, 56.36096, 56.492032, 56.229888, 81.002496, 84.148224, 109.838336, 109.576192, 115.081216, 101.187584, 119.27552, 84.410368, 112.328704, 108.396544, 116.785152, 145.096704, 143.785984, 149.553152, 134.3488, 140.9024, 170.655744, 78.6432, 163.053568, 159.90784, 129.10592, 252.444672, 168.951808, 216.530944, 266.338304, 317.456384, 116.391936, 323.616768, 239.992832, 319.16032, 427.425792, 199.622656, 555.74528, 534.380544, 204.734464, 659.29216, 662.044672, 738.459648, 788.660224, 790.102016, 791.150592, 921.174016, 1052.377088, 156.368896, 127.926272, 1318.191104, 1318.846464, 1639.972864, 1578.500096, 1581.252608, 145.227776, 2627.9936, 2665.480192, 182.059008], "attn_size": [0.0, 0.0, 0.0, 0.0, 0.0, 0.0, 0.0, 0.0, 0.0, 0.0, 0.0, 0.0, 0.0, 0.0, 0.0, 0.0, 0.0, 0.0, 0.0, 0.0, 0.0, 0.0, 0.0, 0.0, 0.0, 0.0, 0.0, 0.0, 0.0, 0.0, 0.0, 0.0, 0.0, 0.0, 0.0, 0.0, 0.0, 0.0, 0.0, 0.0, 0.0, 0.0, 0.0, 0.0, 0.0, 0.0, 0.0, 0.0, 0.0, 0.0, 0.0, 0.0, 0.0, 0.0, 0.0, 0.0, 0.0, 0.0, 0.0, 0.0], "total_cache": [29.753344, 29.753344, 42.5984, 56.36096, 56.492032, 56.229888, 81.002496, 84.148224, 109.838336, 109.576192, 115.081216, 101.187584, 119.27552, 84.410368, 112.328704, 108.396544, 116.785152, 145.096704, 143.785984, 149.553152, 134.3488, 140.9024, 170.655744, 78.6432, 163.053568, 159.90784, 129.10592, 252.444672, 168.951808, 216.530944, 266.338304, 317.456384, 116.391936, 323.616768, 239.992832, 319.16032, 427.425792, 199.622656, 555.74528, 534.380544, 204.734464, 659.29216, 662.044672, 738.459648, 788.660224, 790.102016, 791.150592, 921.174016, 1052.377088, 156.368896, 127.926272, 1318.191104, 1318.846464, 1639.972864, 1578.500096, 1581.252608, 145.227776, 2627.9936, 2665.480192, 182.059008]}, "preds_ws10_st50.0_snks0_hopf_True_type_max_fused_lenNone_gblFalse": {"gen_time(s)": [1735409272.318, 10.304999828338623, 15.466000080108643, 20.52500009536743, 20.45299983024597, 20.25, 33.24400019645691, 33.94099998474121, 49.621999979019165, 49.54299998283386, 50.79099988937378, 53.24900007247925, 51.72000002861023, 50.4210000038147, 50.11500000953674, 41.72099995613098, 51.128000020980835, 48.99499988555908, 66.36600017547607, 67.62800002098083, 64.22899985313416, 65.72300004959106, 82.10699987411499, 79.84600019454956, 80.86299991607666, 80.43300008773804, 113.29399991035461, 120.27999997138977, 111.22699999809265, 112.29200005531311, 142.95300006866455, 173.42999982833862, 174.47699999809265, 174.92700004577637, 180.8970000743866, 173.8109998703003, 236.96800017356873, 299.12199997901917, 87.85800004005432, 299.58399987220764, 361.94199991226196, 377.6100001335144, 378.510999917984, 424.5420000553131, 455.9279999732971, 69.76099991798401, 456.2880001068115, 536.9879999160767, 613.837000131607, 614.9930000305176, 777.7339999675751, 784.2490000724792, 774.412999868393, 952.337000131607, 936.2739999294281, 937.0220000743866, 1567.7359998226166, 1568.0800001621246, 56.71799993515015, 1879.773999929428], "inp_size": [28, 28, 26, 31, 32, 30, 19, 43, 39, 37, 79, 165, 111, 63, 58, 28, 92, 108, 98, 142, 26, 76, 103, 16, 45, 21, 64, 327, 21, 53, 33, 23, 57, 70, 279, 36, 62, 48, 241, 78, 43, 31, 52, 35, 18, 29, 37, 29, 30, 16, 18, 58, 63, 513, 44, 65, 25, 51, 337, 80], "out_size": [199, 199, 299, 399, 399, 399, 599, 599, 799, 799, 799, 607, 799, 581, 799, 799, 799, 999, 999, 999, 999, 999, 1199, 584, 1199, 1199, 921, 1599, 1268, 1599, 1999, 2399, 831, 2399, 1552, 2399, 3199, 1475, 3999, 3999, 1519, 4999, 4999, 5599, 5999, 5999, 5999, 6999, 7999, 1177, 958, 9999, 9999, 11999, 11999, 11999, 1083, 19999, 19999, 1309], "resp_len": [128, 161, 243, 337, 331, 243, 466, 418, 540, 638, 657, 522, 718, 510, 538, 516, 601, 606, 826, 745, 873, 839, 868, 857, 905, 779, 811, 1357, 1329, 1388, 1392, 2059, 1663, 1604, 2140, 1881, 739, 1763, 1014, 3021, 2251, 1942, 4146, 4570, 2357, 750, 3758, 1256, 8454, 3321, 3868, 7786, 8396, 7085, 8501, 10066, 15400, 17499, 632, 20116], "KV_size": [29.753344, 29.753344, 42.5984, 56.36096, 56.492032, 56.229888, 66.977792, 66.977792, 66.977792, 66.977792, 66.977792, 66.977792, 66.977792, 66.977792, 66.977792, 66.977792, 66.977792, 66.977792, 66.977792, 66.977792, 66.977792, 66.977792, 66.977792, 66.977792, 66.977792, 66.977792, 66.977792, 66.977792, 66.977792, 66.977792, 66.977792, 66.977792, 66.977792, 66.977792, 66.977792, 66.977792, 66.977792, 66.977792, 66.977792, 66.977792, 66.977792, 66.977792, 66.977792, 66.977792, 66.977792, 66.977792, 66.977792, 66.977792, 66.977792, 66.977792, 66.977792, 66.977792, 66.977792, 66.977792, 66.977792, 66.977792, 66.977792, 66.977792, 66.977792, 66.977792], "attn_size": [1.31072, 1.64864, 2.48832, 3.45088, 3.38944, 2.48832, 4.77184, 4.28032, 5.5296, 6.53312, 6.72768, 5.34528, 7.35232, 5.2224, 5.50912, 5.28384, 6.15424, 6.20544, 8.45824, 7.6288, 8.93952, 8.59136, 8.88832, 8.77568, 9.2672, 7.97696, 8.30464, 13.89568, 13.60896, 14.21312, 14.25408, 21.08416, 17.02912, 16.42496, 21.9136, 19.26144, 7.56736, 18.05312, 10.38336, 30.93504, 23.05024, 19.88608, 42.45504, 46.7968, 24.13568, 7.68, 38.48192, 12.86144, 86.56896, 34.00704, 39.60832, 79.72864, 85.97504, 72.5504, 87.05024, 103.07584, 157.696, 179.18976, 6.47168, 205.98784],