,Relevance,Accuracy,Coherence,Clarity,Breadth and Depth,Reading Experience,total
preds_ws3_st20.0_ea1.0_snks0_hopf_False_type_max_fused_lenNone_gblFalse,65.0,78.33333333333334,63.74999999999999,72.91666666666666,43.75,53.75,62.916666666666664
preds_ws30_st20.0_ea1.0_snks0_hopf_True_type_sum_fused_lenNone_gblFalse,60.0,76.66666666666666,65.41666666666667,70.41666666666667,42.08333333333333,55.00000000000001,61.59722222222222
preds_ws30_st630.0_ea1.0_snks0_hopf_True_type_snapkv_lenNone_gblFalse,66.66666666666666,78.33333333333334,68.33333333333333,71.25,42.50000000000001,55.833333333333336,63.819444444444436
preds_ws50_st20.0_ea1.0_snks0_hopf_True_type_sum_fused_win_fix_lenNone_gblFalse,63.74999999999999,81.66666666666667,63.33333333333333,72.08333333333333,41.666666666666664,54.58333333333333,62.84722222222222
preds_ws30_st20.0_ea1.0_snks0_hopf_True_type_sum_fused_win_fix_lenNone_gblFalse,64.16666666666667,71.25,67.08333333333333,72.5,44.166666666666664,59.583333333333336,63.125
preds_ws30_st20.0_ea1.0_snks0_hopf_True_type_h2o_masked_lenNone_gblFalse,59.166666666666664,77.91666666666666,63.74999999999999,70.83333333333334,40.416666666666664,57.08333333333333,61.52777777777777
preds_ws30_st20.0_ea1.0_snks0_hopf_True_type_max_fused_lenNone_gblFalse,62.916666666666664,79.58333333333334,68.33333333333333,72.08333333333333,41.25,52.916666666666664,62.84722222222222
preds_ws10_st60.0_ea1.0_snks0_hopf_True_type_max_fused_lenNone_gblFalse,63.74999999999999,77.49999999999999,65.83333333333333,73.33333333333333,41.666666666666664,56.25,63.05555555555555
