,Relevance,Accuracy,Coherence,Clarity,Breadth and Depth,Reading Experience,total
preds_ws3_st20.0_snks0_hopf_False_type_max_fused_lenNone_gblFalse,89.58333333333333,85.83333333333334,85.00000000000001,86.66666666666667,58.75,77.08333333333333,80.48611111111111
preds_ws10_st50.0_ea1.5_snks0_hopf_True_type_max_fused_lenNone_gblFalse,90.41666666666666,83.33333333333333,82.91666666666666,83.74999999999999,59.166666666666664,72.91666666666666,78.75
preds_ws10_st50.0_snks0_hopf_True_type_max_fused_lenNone_gblFalse,94.16666666666667,87.08333333333333,82.91666666666666,83.74999999999999,60.416666666666664,75.0,80.55555555555556
preds_ws5_st50.0_snks0_hopf_True_type_max_fused_lenNone_gblFalse,87.08333333333333,83.33333333333333,75.83333333333333,80.83333333333333,53.75,70.41666666666667,75.20833333333333
preds_ws5_st50.0_ea1.5_snks0_hopf_True_type_max_fused_lenNone_gblFalse,88.33333333333333,80.41666666666667,77.08333333333333,78.75000000000001,55.41666666666667,69.58333333333333,74.93055555555556
preds_ws10_st511.0_snks0_hopf_True_type_snapkv_lenNone_gblFalse,92.45283018867924,88.20754716981132,88.20754716981132,86.79245283018868,62.735849056603776,79.24528301886792,82.94025157232704
