,Relevance,Accuracy,Coherence,Clarity,Breadth and Depth,Reading Experience,total
preds_ws3_st20.0_snks0_hopf_False_type_max_fused_lenNone_gblFalse,65.83333333333333,79.58333333333334,68.75,73.33333333333333,42.08333333333333,56.25,64.30555555555556
preds_ws10_st50.0_snks0_hopf_True_type_max_fused_lenNone_gblFalse,67.08333333333333,78.33333333333334,70.0,77.91666666666666,44.58333333333333,59.166666666666664,66.18055555555556
preds_ws5_st50.0_snks0_hopf_True_type_max_fused_lenNone_gblFalse,57.49999999999999,72.08333333333333,62.916666666666664,68.33333333333333,38.33333333333333,52.5,58.61111111111111
