{"preds_ws3_st20.0_snks0_hopf_False_type_max_fused_lenNone_gblFalse": {"gen_time(s)": [1736623827.595, 4.999000072479248, 10.256999969482422, 23.21299982070923, 9.013000011444092, 22.854000091552734, 28.473999977111816, 0.21200013160705566, 30.514999866485596, 0.25, 36.960999965667725, 0.3680000305175781, 0.25999999046325684, 33.6470000743866, 45.84999990463257, 39.8270001411438, 46.264999866485596, 56.7960000038147, 0.9360001087188721, 33.79299998283386, 59.355000019073486, 35.96300005912781, 68.64499998092651, 59.709999799728394, 40.75800013542175, 53.25, 42.61800003051758, 90.45299983024597, 79.00100016593933, 51.45700001716614, 117.09099984169006, 0.24900007247924805, 66.04299998283386, 0.2609999179840088, 140.9480001926422, 130.13399982452393, 168.33700013160706, 241.625, 92.65899991989136, 68.47900009155273, 65.68499994277954, 2.621000051498413, 128.58500003814697, 193.12599992752075, 149.79399991035461, 185.17500019073486, 96.46099996566772, 2.0779998302459717, 136.5900001525879, 267.9389998912811, 34.42199993133545, 5.739000082015991, 1.1089999675750732, 0.26600003242492676, 64.01900005340576, 81.16899991035461, 45.0770001411438, 65.34099984169006, 156.53400015830994, 108.59699988365173], "inp_size": [27, 27, 25, 30, 31, 29, 18, 42, 38, 36, 78, 164, 110, 62, 57, 27, 91, 107, 97, 141, 25, 75, 102, 15, 44, 20, 63, 326, 20, 52, 32, 22, 56, 69, 278, 35, 61, 47, 240, 77, 42, 30, 51, 34, 17, 28, 36, 28, 36, 15, 17, 57, 62, 512, 43, 64, 24, 50, 336, 79], "out_size": [199, 86, 179, 399, 150, 399, 504, 1, 533, 1, 647, 1, 1, 597, 799, 698, 799, 999, 12, 566, 999, 613, 1199, 1050, 714, 900, 732, 1556, 1364, 864, 1999, 1, 1137, 1, 2399, 2149, 2782, 3999, 1559, 1132, 1090, 38, 2136, 3212, 2517, 3013, 1562, 29, 2307, 4457, 546, 86, 14, 1, 1051, 1315, 711, 1044, 2616, 1788], "resp_len": [126, 70, 147, 318, 111, 261, 378, 0, 456, 0, 518, 0, 0, 467, 632, 572, 545, 775, 11, 453, 797, 546, 922, 894, 589, 565, 614, 1124, 1124, 733, 1724, 0, 899, 0, 1697, 1721, 2125, 2390, 1122, 737, 798, 23, 1724, 2652, 1840, 2412, 907, 21, 1718, 3720, 364, 78, 9, 0, 854, 1056, 590, 845, 2044, 1516], "KV_size": [46.2848, 23.1424, 41.7792, 87.8592, 37.0688, 87.6544, 106.9056, 8.8064, 116.9408, 7.5776, 148.48, 33.792, 22.7328, 134.9632, 175.3088, 148.48, 182.272, 226.5088, 22.3232, 144.7936, 209.7152, 140.9024, 266.4448, 218.112, 155.2384, 188.416, 162.816, 385.4336, 283.4432, 187.5968, 415.9488, 4.7104, 244.3264, 14.336, 548.2496, 447.2832, 582.2464, 828.6208, 368.4352, 247.6032, 231.8336, 13.9264, 447.8976, 664.7808, 518.9632, 622.7968, 327.2704, 11.6736, 479.8464, 915.8656, 115.3024, 29.2864, 15.5648, 105.0624, 224.0512, 282.4192, 150.528, 224.0512, 604.5696, 382.3616], "attn_size": [0.0, 0.0, 0.0, 0.0, 0.0, 0.0, 0.0, 0.0, 0.0, 0.0, 0.0, 0.0, 0.0, 0.0, 0.0, 0.0, 0.0, 0.0, 0.0, 0.0, 0.0, 0.0, 0.0, 0.0, 0.0, 0.0, 0.0, 0.0, 0.0, 0.0, 0.0, 0.0, 0.0, 0.0, 0.0, 0.0, 0.0, 0.0, 0.0, 0.0, 0.0, 0.0, 0.0, 0.0, 0.0, 0.0, 0.0, 0.0, 0.0, 0.0, 0.0, 0.0, 0.0, 0.0, 0.0, 0.0, 0.0, 0.0, 0.0, 0.0], "total_cache": [46.2848, 23.1424, 41.7792, 87.8592, 37.0688, 87.6544, 106.9056, 8.8064, 116.9408, 7.5776, 148.48, 33.792, 22.7328, 134.9632, 175.3088, 148.48, 182.272, 226.5088, 22.3232, 144.7936, 209.7152, 140.9024, 266.4448, 218.112, 155.2384, 188.416, 162.816, 385.4336, 283.4432, 187.5968, 415.9488, 4.7104, 244.3264, 14.336, 548.2496, 447.2832, 582.2464, 828.6208, 368.4352, 247.6032, 231.8336, 13.9264, 447.8976, 664.7808, 518.9632, 622.7968, 327.2704, 11.6736, 479.8464, 915.8656, 115.3024, 29.2864, 15.5648, 105.0624, 224.0512, 282.4192, 150.528, 224.0512, 604.5696, 382.3616]}, "preds_ws10_st50.0_snks0_hopf_True_type_max_fused_lenNone_gblFalse": {"gen_time(s)": [1736616953.321, 6.734999895095825, 13.690999984741211, 30.75600004196167, 11.550999879837036, 30.420000076293945, 39.23200011253357, 0.30299997329711914, 45.21199989318848, 0.29200005531311035, 55.269999980926514, 0.2799999713897705, 85.40300011634827, 83.83399987220764, 85.25500011444092, 70.09699988365173, 67.8659999370575, 115.41600012779236, 115.16799998283386, 74.98000001907349, 110.21000003814697, 69.1710000038147, 142.08399987220764, 140.25400018692017, 86.00099992752075, 139.52699995040894, 70.1010000705719, 94.95000004768372, 0.29600000381469727, 3.4149999618530273, 193.32299995422363, 7.139999866485596, 120.48400020599365, 0.2969999313354492, 207.34800004959106, 170.63399982452393, 109.05100011825562, 118.51799988746643, 137.2630000114441, 58.21399998664856, 244.8140001296997, 108.5569999217987, 134.44600009918213, 222.58599996566772, 112.92599987983704, 270.94000005722046, 206.5440001487732, 189.32499980926514, 261.1630001068115, 134.7699999809265, 1370.1419999599457, 1.2369999885559082, 1.6670000553131104, 23.03600001335144, 314.739000082016, 0.29399991035461426, 10.3510000705719, 59.584999799728394, 133.56200003623962, 129.03600001335144], "inp_size": [27, 27, 25, 30, 31, 29, 18, 42, 38, 36, 78, 164, 110, 62, 57, 27, 91, 107, 97, 141, 25, 75, 102, 15, 44, 20, 63, 326, 20, 52, 32, 22, 56, 69, 278, 35, 61, 47, 240, 77, 42, 30, 51, 34, 17, 28, 36, 28, 36, 15, 17, 57, 62, 512, 43, 64, 24, 50, 336, 79], "out_size": [199, 86, 179, 399, 150, 399, 504, 1, 533, 1, 647, 1, 1, 597, 799, 698, 799, 999, 12, 566, 999, 613, 1199, 1050, 714, 900, 732, 1556, 1364, 864, 1999, 1, 1137, 1, 2399, 2149, 2782, 3999, 1559, 1132, 1090, 38, 2136, 3212, 2517, 3013, 1562, 29, 2307, 4457, 546, 86, 14, 1, 1051, 1315, 711, 1044, 2616, 1788], "resp_len": [126, 70, 147, 318, 111, 261, 378, 0, 456, 0, 474, 0, 654, 656, 642, 566, 536, 783, 801, 569, 780, 588, 932, 691, 666, 695, 582, 603, 0, 37, 1288, 73, 816, 0, 987, 1265, 728, 689, 903, 409, 1417, 778, 960, 1420, 783, 1719, 1266, 1314, 1572, 887, 7849, 11, 17, 100, 1906, 0, 92, 470, 778, 902], "KV_size": [46.2848, 23.1424, 41.7792, 87.8592, 37.0688, 87.6544, 104.6528, 8.8064, 104.6528, 7.5776, 104.6528, 33.792, 104.6528, 104.6528, 104.6528, 104.6528, 104.6528, 104.6528, 104.6528, 104.6528, 104.6528, 104.6528, 104.6528, 104.6528, 104.6528, 104.6528, 104.6528, 104.6528, 4.3008, 19.0464, 104.6528, 22.9376, 104.6528, 14.336, 104.6528, 104.6528, 104.6528, 104.6528, 104.6528, 104.6528, 104.6528, 104.6528, 104.6528, 104.6528, 104.6528, 104.6528, 104.6528, 104.6528, 104.6528, 104.6528, 104.6528, 14.336, 16.7936, 104.6528, 104.6528, 13.312, 32.3584, 104.6528, 104.6528, 104.6528], "attn_size": [2.016, 1.12, 2.352, 5.088, 1.776, 4.176, 6.048, 0.0, 7.296, 0.0, 7.584, 0.0, 10.464, 10.496, 10.272, 9.056, 8.576, 12.528, 12.816, 9.104, 12.48, 9.408, 14.912, 11.056, 10.656, 11.12, 9.312, 9.648, 0.0, 0.592, 20.608, 1.168, 13.056, 0.0, 15.792, 20.24, 11.648, 11.024, 14.448, 6.544, 22.672, 12.448, 15.36, 22.72, 12.528, 27.504, 20.256, 21.024, 25.152, 14.192, 125.584, 0.176, 0.272, 1.6, 30.496, 0.0, 1.472, 7.52, 12.448, 14.432], "total_cache": [48.300799999999995, 24.2624, 44.1312, 92.9472, 38.844800000000006, 91.8304, 110.7008, 8.8064, 111.9488, 7.5776, 112.2368, 33.792, 115.1168, 115.1488, 114.9248, 113.7088, 113.2288, 117.1808, 117.4688, 113.7568, 117.1328, 114.0608, 119.5648, 115.7088, 115.3088, 115.7728, 113.9648, 114.3008, 4.3008, 19.638399999999997, 125.2608, 24.1056, 117.7088, 14.336, 120.4448, 124.8928, 116.3008, 115.6768, 119.10079999999999, 111.1968, 127.3248, 117.10079999999999, 120.0128, 127.3728, 117.1808, 132.1568, 124.9088, 125.6768, 129.8048, 118.84479999999999, 230.23680000000002, 14.512, 17.0656, 106.2528, 135.1488, 13.312, 33.830400000000004, 112.1728, 117.10079999999999, 119.0848]},