{"preds_ws3_st20.0_snks0_hopf_False_type_max_fused_lenNone_gblFalse": {"gen_time(s)": [1736673261.19, 8.861999988555908, 13.105999946594238, 17.269999980926514, 17.460999965667725, 11.5, 26.79200005531311, 26.255000114440918, 34.71499991416931, 32.230000019073486, 35.312999963760376, 22.39800000190735, 31.234999895095825, 34.84600019454956, 33.48899984359741, 34.9210000038147, 35.324000120162964, 27.90499997138977, 43.151999950408936, 40.68499994277954, 43.937000036239624, 45.13000011444092, 26.45899987220764, 52.51900005340576, 52.78999996185303, 52.337000131607056, 65.79299998283386, 69.05900001525879, 70.08999991416931, 68.77600002288818, 86.65199995040894, 105.77300000190735, 79.8140001296997, 105.83899998664856, 103.25399994850159, 104.38100004196167, 100.31900000572205, 172.62299990653992, 132.62800002098083, 172.84699988365173, 204.49699997901917, 159.14800000190735, 124.50800013542175, 236.5149998664856, 257.65300011634827, 256.16100001335144, 254.2850000858307, 294.0609998703003, 340.96600008010864, 337.51799988746643, 430.478000164032, 422.9029998779297, 66.80299997329712, 494.67700004577637, 475.27699995040894, 474.99699997901917, 303.37199997901917, 782.9609999656677, 773.3490002155304, 938.9499998092651], "inp_size": [29, 29, 27, 32, 33, 31, 20, 43, 40, 38, 80, 168, 112, 64, 59, 29, 93, 111, 99, 143, 27, 77, 104, 17, 46, 22, 65, 339, 22, 54, 34, 24, 58, 71, 317, 37, 63, 49, 242, 79, 44, 32, 53, 36, 19, 30, 38, 30, 26, 17, 19, 59, 64, 514, 45, 66, 27, 55, 341, 83], "out_size": [199, 199, 299, 390, 399, 264, 599, 599, 799, 716, 799, 508, 707, 799, 768, 799, 799, 645, 999, 919, 999, 999, 597, 1199, 1199, 1199, 1519, 1599, 1599, 1599, 1999, 2399, 1857, 2399, 2399, 2399, 2326, 3999, 3085, 3999, 4799, 3691, 2883, 5599, 5999, 5999, 5999, 6999, 7999, 7999, 9999, 9999, 1562, 11999, 11999, 11999, 7691, 19999, 19999, 23999], "resp_len": [97, 165, 243, 324, 343, 166, 506, 352, 610, 518, 612, 424, 582, 576, 507, 607, 576, 470, 791, 731, 827, 819, 471, 949, 959, 698, 1289, 2215, 1081, 1384, 1252, 1749, 1286, 1541, 1661, 1771, 1632, 2314, 2410, 152, 3607, 5309, 2094, 4364, 4299, 4266, 5644, 5658, 4059, 7775, 7876, 7544, 1250, 11891, 7776, 10904, 4890, 12952, 14751, 1113], "KV_size": [13.074432, 13.074432, 18.694144, 24.199168, 24.772608, 16.91648, 35.495936, 36.814848, 48.111616, 43.237376, 50.405376, 38.764544, 46.964736, 49.487872, 47.423488, 47.480832, 51.150848, 43.352064, 62.963712, 60.899328, 58.834944, 61.702144, 40.198144, 69.730304, 71.39328, 70.017024, 90.832896, 111.132672, 92.954624, 94.789632, 116.580352, 138.944512, 109.81376, 141.63968, 155.746304, 139.689984, 136.994816, 232.128512, 190.783488, 233.848832, 277.716992, 213.491712, 168.361984, 323.13344, 345.096192, 345.726976, 346.185728, 403.070976, 460.1856, 459.669504, 574.472192, 576.765952, 93.241344, 717.545472, 690.651136, 691.85536, 442.580992, 1149.976576, 1166.37696, 1380.958208], "attn_size": [0.0, 0.0, 0.0, 0.0, 0.0, 0.0, 0.0, 0.0, 0.0, 0.0, 0.0, 0.0, 0.0, 0.0, 0.0, 0.0, 0.0, 0.0, 0.0, 0.0, 0.0, 0.0, 0.0, 0.0, 0.0, 0.0, 0.0, 0.0, 0.0, 0.0, 0.0, 0.0, 0.0, 0.0, 0.0, 0.0, 0.0, 0.0, 0.0, 0.0, 0.0, 0.0, 0.0, 0.0, 0.0, 0.0, 0.0, 0.0, 0.0, 0.0, 0.0, 0.0, 0.0, 0.0, 0.0, 0.0, 0.0, 0.0, 0.0, 0.0], "total_cache": [13.074432, 13.074432, 18.694144, 24.199168, 24.772608, 16.91648, 35.495936, 36.814848, 48.111616, 43.237376, 50.405376, 38.764544, 46.964736, 49.487872, 47.423488, 47.480832, 51.150848, 43.352064, 62.963712, 60.899328, 58.834944, 61.702144, 40.198144, 69.730304, 71.39328, 70.017024, 90.832896, 111.132672, 92.954624, 94.789632, 116.580352, 138.944512, 109.81376, 141.63968, 155.746304, 139.689984, 136.994816, 232.128512, 190.783488, 233.848832, 277.716992, 213.491712, 168.361984, 323.13344, 345.096192, 345.726976, 346.185728, 403.070976, 460.1856, 459.669504, 574.472192, 576.765952, 93.241344, 717.545472, 690.651136, 691.85536, 442.580992, 1149.976576, 1166.37696, 1380.958208]}, "preds_ws10_st50.0_snks0_hopf_True_type_max_fused_lenNone_gblFalse": {"gen_time(s)": [1736653539.896, 9.936000108718872, 15.36899995803833, 19.972000122070312, 20.531999826431274, 13.904000043869019, 34.769999980926514, 36.729000091552734, 55.28999996185303, 56.569000005722046, 58.704999923706055, 28.561000108718872, 59.22199988365173, 57.62600016593933, 56.81599998474121, 54.17999982833862, 58.407999992370605, 77.25100016593933, 55.01600003242493, 47.365999937057495, 52.08699989318848, 75.28200006484985, 96.56200003623962, 92.72699999809265, 60.16599988937378, 93.62199997901917, 89.89200019836426, 146.60999989509583, 130.9670000076294, 105.27099990844727, 87.1800000667572, 206.65300011634827, 209.57599997520447, 208.94899988174438, 224.49399995803833, 207.5880000591278, 262.0880000591278, 362.28399991989136, 226.46200013160706, 356.47300004959106, 436.8809998035431, 455.6980001926422, 128.37299990653992, 115.91599988937378, 553.5610001087189, 550.0999999046326, 114.21800017356873, 644.5339999198914, 740.6930000782013, 214.03399991989136, 929.2660000324249, 453.2669999599457, 1100.4100000858307, 1398.284999847412, 938.6879999637604, 307.143000125885, 353.86699986457825, 589.8440001010895, 3279.3450000286102, 2286.826999902725], "inp_size": [29, 29, 27, 32, 33, 31, 20, 43, 40, 38, 80, 168, 112, 64, 59, 29, 93, 111, 99, 143, 27, 77, 104, 17, 46, 22, 65, 339, 22, 54, 34, 24, 58, 71, 317, 37, 63, 49, 242, 79, 44, 32, 53, 36, 19, 30, 38, 30, 26, 17, 19, 59, 64, 514, 45, 66, 27, 55, 341, 83], "out_size": [199, 199, 299, 390, 399, 264, 599, 599, 799, 716, 799, 508, 707, 799, 768, 799, 799, 645, 999, 919, 999, 999, 597, 1199, 1199, 1199, 1519, 1599, 1599, 1599, 1999, 2399, 1857, 2399, 2399, 2399, 2326, 3999, 3085, 3999, 4799, 3691, 2883, 5599, 5999, 5999, 5999, 6999, 7999, 7999, 9999, 9999, 1562, 11999, 11999, 11999, 7691, 19999, 19999, 23999], "resp_len": [97, 165, 243, 324, 343, 166, 507, 347, 601, 543, 599, 361, 633, 610, 616, 573, 525, 756, 632, 502, 641, 867, 914, 1025, 668, 614, 953, 1424, 1056, 1081, 858, 1564, 1656, 1587, 1369, 1649, 1991, 1924, 1941, 2626, 4218, 3373, 1071, 1018, 4235, 4796, 976, 5050, 8457, 1961, 6582, 3684, 5191, 7379, 6361, 1894, 1776, 4018, 15030, 11218], "KV_size": [13.074432, 13.074432, 18.694144, 24.199168, 24.772608, 16.91648, 29.302784, 29.302784, 29.302784, 29.302784, 29.302784, 29.302784, 29.302784, 29.302784, 29.302784, 29.302784, 29.302784, 29.302784, 29.302784, 29.302784, 29.302784, 29.302784, 29.302784, 29.302784, 29.302784, 29.302784, 29.302784, 29.302784, 29.302784, 29.302784, 29.302784, 29.302784, 29.302784, 29.302784, 29.302784, 29.302784, 29.302784, 29.302784, 29.302784, 29.302784, 29.302784, 29.302784, 29.302784, 29.302784, 29.302784, 29.302784, 29.302784, 29.302784, 29.302784, 29.302784, 29.302784, 29.302784, 29.302784, 29.302784, 29.302784, 29.302784, 29.302784, 29.302784, 29.302784, 29.302784], "attn_size": [0.43456, 0.7392, 1.08864, 1.45152, 1.53664, 0.74368, 2.27136, 1.55456, 2.69248, 2.43264, 2.68352, 1.61728, 2.83584, 2.7328, 2.75968, 2.56704, 2.352, 3.38688, 2.83136, 2.24896, 2.87168, 3.88416, 4.09472, 4.592, 2.99264, 2.75072, 4.26944, 6.37952, 4.73088, 4.84288, 3.84384, 7.00672, 7.41888, 7.10976, 6.13312, 7.38752, 8.91968, 8.61952, 8.69568, 11.76448, 18.89664, 15.11104, 4.79808, 4.56064, 18.9728, 21.48608, 4.37248, 22.624, 37.88736, 8.78528, 29.48736, 16.50432, 23.25568, 33.05792, 28.49728, 8.48512, 7.95648, 18.00064, 67.3344, 50.25664],