Unnamed: 0,Relevance,Accuracy,Coherence,Clarity,Breadth and Depth,Reading Experience,total,Cache
preds_ws30_st20.0_ea1.0_snks0_hopf_True_type_h2o_masked_lenNone_gblFalse,84.58333333333334,81.66666666666667,63.33333333333333,71.66666666666667,54.16666666666666,55.41666666666667,68.47222222222223,81.24047360000007
preds_ws30_st20.0_ea1.0_snks0_hopf_True_type_max_fused_lenNone_gblFalse,83.74999999999999,81.25,57.08333333333333,64.16666666666667,56.25,49.16666666666667,65.27777777777779,96.1194666666667
preds_ws30_st20.0_ea1.0_snks0_hopf_True_type_sum_fused_win_fix_lenNone_gblFalse,89.16666666666666,81.66666666666667,63.33333333333333,71.25,57.08333333333333,54.58333333333333,69.51388888888887,97.24238506666671
preds_ws30_st630.0_ea1.0_snks0_hopf_True_type_snapkv_lenNone_gblFalse,85.83333333333334,80.41666666666667,63.33333333333333,73.33333333333333,48.75000000000001,54.58333333333333,67.70833333333333,1848.132676266667
preds_ws3_st20.0_snks0_hopf_False_type_max_fused_lenNone_gblFalse,86.25,81.66666666666667,57.91666666666667,71.25,49.16666666666667,52.5,66.45833333333334,462.03316906666674
preds_ws50_st20.0_ea1.0_snks0_hopf_True_type_sum_fused_win_fix_lenNone_gblFalse,86.66666666666667,84.16666666666666,66.25,71.66666666666667,52.5,52.91666666666666,69.02777777777779,169.68004266666648
