{
    "preds_ws3_st20.0_snks0_hopf_False_type_max_fused_lenNone_gblFalse": {
        "Relevance": 85.83333333333334,
        "Accuracy": 84.58333333333334,
        "Coherence": 63.74999999999999,
        "Clarity": 72.5,
        "Breadth and Depth": 51.24999999999999,
        "Reading Experience": 54.58333333333333,
        "total": 68.75
    },
    "preds_ws30_st630.0_ea1.0_snks0_hopf_True_type_snapkv_lenNone_gblFalse": {
        "Relevance": 82.08333333333333,
        "Accuracy": 85.00000000000001,
        "Coherence": 62.5,
        "Clarity": 71.25,
        "Breadth and Depth": 51.24999999999999,
        "Reading Experience": 53.333333333333336,
        "total": 67.56944444444444
    },
    "preds_ws30_st20.0_ea1.0_snks0_hopf_True_type_max_fused_lenNone_gblFalse": {
        "Relevance": 83.74999999999999,
        "Accuracy": 80.0,
        "Coherence": 57.91666666666667,
        "Clarity": 67.08333333333333,
        "Breadth and Depth": 54.166666666666664,
        "Reading Experience": 52.916666666666664,
        "total": 65.97222222222223
    }
}