,Relevance,Accuracy,Coherence,Clarity,Breadth and Depth,Reading Experience,total
preds_ws3_st20.0_snks0_hopf_False_type_max_fused_lenNone_gblFalse,85.83333333333334,84.58333333333334,63.74999999999999,72.5,51.24999999999999,54.58333333333333,68.75
preds_ws30_st630.0_ea1.0_snks0_hopf_True_type_snapkv_lenNone_gblFalse,82.08333333333333,85.00000000000001,62.5,71.25,51.24999999999999,53.333333333333336,67.56944444444444
preds_ws30_st20.0_ea1.0_snks0_hopf_True_type_max_fused_lenNone_gblFalse,83.74999999999999,80.0,57.91666666666667,67.08333333333333,54.166666666666664,52.916666666666664,65.97222222222223
