{"preds_ws3_st20.0_snks0_hopf_False_type_max_fused_lenNone_gblFalse": {"gen_time(s)": [1737291018.775, 7.171999931335449, 10.764999866485596, 14.430999994277954, 14.31000018119812, 14.264999866485596, 21.125, 18.409000158309937, 27.449999809265137, 28.54200005531311, 28.597000122070312, 26.937000036239624, 26.97099995613098, 28.711999893188477, 28.456000089645386, 28.550999879837036, 28.44000005722046, 25.59500002861023, 35.90400004386902, 36.125, 35.05399990081787, 36.22200012207031, 43.17899990081787, 42.960999965667725, 29.986000061035156, 42.72199988365173, 33.74500012397766, 26.28500008583069, 45.88499999046326, 56.83200001716614, 41.38199996948242, 84.68999981880188, 85.88000011444092, 85.83500003814697, 46.77499985694885, 85.08899998664856, 113.3030002117157, 141.47899985313416, 143.2350001335144, 52.55299997329712, 172.18499994277954, 177.6470000743866, 179.492999792099, 199.65500020980835, 35.42899990081787, 213.0239999294281, 43.45900011062622, 249.62599992752075, 282.87199997901917, 37.496999979019165, 29.505000114440918, 351.3989999294281, 359.90499997138977, 430.31500005722046, 430.57100009918213, 73.50999999046326, 101.44899988174438, 740.1150000095367, 739.0729999542236, 916.1290001869202], "inp_size": [28, 28, 26, 31, 32, 30, 19, 43, 39, 37, 79, 165, 111, 63, 58, 28, 92, 108, 98, 142, 26, 76, 103, 16, 45, 21, 64, 327, 21, 53, 33, 23, 57, 70, 279, 36, 62, 48, 241, 78, 43, 31, 52, 35, 18, 29, 37, 29, 30, 16, 18, 58, 63, 513, 44, 65, 25, 51, 337, 80], "out_size": [199, 199, 299, 399, 399, 399, 599, 520, 799, 799, 799, 799, 799, 799, 799, 799, 799, 726, 999, 999, 999, 999, 1199, 1199, 842, 1199, 944, 736, 1295, 1599, 1147, 2399, 2399, 2399, 1306, 2399, 3199, 3999, 3999, 1467, 4799, 4999, 4999, 5599, 992, 5999, 1209, 6999, 7999, 1046, 835, 9999, 9999, 11999, 11999, 2025, 2847, 19999, 19999, 23999], "resp_len": [227, 227, 325, 430, 431, 429, 618, 563, 838, 836, 878, 964, 910, 862, 857, 827, 891, 834, 1097, 1141, 1025, 1075, 1302, 1215, 887, 1220, 1008, 1063, 1316, 1652, 1180, 2422, 2456, 2469, 1585, 2435, 3261, 4047, 4240, 1545, 4842, 5030, 5051, 5634, 1010, 6028, 1246, 7028, 8029, 1062, 853, 10057, 10062, 12512, 12043, 2090, 2872, 20050, 20336, 24079], "KV_size": [29.753344, 29.753344, 42.5984, 56.36096, 56.492032, 56.229888, 81.002496, 73.793536, 109.838336, 109.576192, 115.081216, 126.353408, 119.27552, 112.984064, 112.328704, 108.396544, 116.785152, 109.314048, 143.785984, 149.553152, 134.3488, 140.9024, 170.655744, 159.25248, 116.260864, 159.90784, 132.120576, 139.329536, 172.490752, 216.530944, 154.66496, 317.456384, 321.912832, 323.616768, 207.74912, 319.16032, 427.425792, 530.448384, 555.74528, 202.50624, 634.650624, 659.29216, 662.044672, 738.459648, 132.38272, 790.102016, 163.315712, 921.174016, 1052.377088, 139.198464, 111.804416, 1318.191104, 1318.846464, 1639.972864, 1578.500096, 273.94048, 376.438784, 2627.9936, 2665.480192, 3156.082688], "attn_size": [0.0, 0.0, 0.0, 0.0, 0.0, 0.0, 0.0, 0.0, 0.0, 0.0, 0.0, 0.0, 0.0, 0.0, 0.0, 0.0, 0.0, 0.0, 0.0, 0.0, 0.0, 0.0, 0.0, 0.0, 0.0, 0.0, 0.0, 0.0, 0.0, 0.0, 0.0, 0.0, 0.0, 0.0, 0.0, 0.0, 0.0, 0.0, 0.0, 0.0, 0.0, 0.0, 0.0, 0.0, 0.0, 0.0, 0.0, 0.0, 0.0, 0.0, 0.0, 0.0, 0.0, 0.0, 0.0, 0.0, 0.0, 0.0, 0.0, 0.0], "total_cache": [29.753344, 29.753344, 42.5984, 56.36096, 56.492032, 56.229888, 81.002496, 73.793536, 109.838336, 109.576192, 115.081216, 126.353408, 119.27552, 112.984064, 112.328704, 108.396544, 116.785152, 109.314048, 143.785984, 149.553152, 134.3488, 140.9024, 170.655744, 159.25248, 116.260864, 159.90784, 132.120576, 139.329536, 172.490752, 216.530944, 154.66496, 317.456384, 321.912832, 323.616768, 207.74912, 319.16032, 427.425792, 530.448384, 555.74528, 202.50624, 634.650624, 659.29216, 662.044672, 738.459648, 132.38272, 790.102016, 163.315712, 921.174016, 1052.377088, 139.198464, 111.804416, 1318.191104, 1318.846464, 1639.972864, 1578.500096, 273.94048, 376.438784, 2627.9936, 2665.480192, 3156.082688]}, "preds_ws30_st630.0_ea1.0_snks0_hopf_True_type_snapkv_lenNone_gblFalse": {"gen_time(s)": [1737453897.988, 7.463000059127808, 11.230000019073486, 14.877000093460083, 14.99399995803833, 15.059999942779541, 22.520999908447266, 19.75, 29.77500009536743, 30.02900004386902, 29.89400005340576, 30.01099991798401, 29.806999921798706, 30.062000036239624, 30.124000072479248, 29.83899998664856, 30.11299991607666, 27.46500015258789, 37.42999982833862, 37.9539999961853, 37.60199999809265, 37.86199998855591, 45.27900004386902, 45.09700012207031, 31.664999961853027, 44.72099995613098, 35.200000047683716, 27.562000036239624, 48.36199998855591, 59.800999879837036, 43.00600004196167, 90.77600002288818, 89.42899990081787, 89.60800004005432, 49.13300013542175, 89.79900002479553, 118.86299991607666, 149.44700002670288, 149.53099989891052, 54.75200009346008, 179.86800003051758, 187.48300004005432, 187.30799984931946, 209.01399993896484, 37.35000014305115, 223.35199999809265, 45.407999992370605, 260.53200006484985, 297.10399985313416, 39.36899995803833, 31.51200008392334, 378.5420000553131, 379.02300000190735, 476.30099987983704, 472.22300004959106, 74.89400005340576, 106.24300003051758, 977.550999879837, 987.5250000953674, 1309.3819999694824], "inp_size": [28, 28, 26, 31, 32, 30, 19, 43, 39, 37, 79, 165, 111, 63, 58, 28, 92, 108, 98, 142, 26, 76, 103, 16, 45, 21, 64, 327, 21, 53, 33, 23, 57, 70, 279, 36, 62, 48, 241, 78, 43, 31, 52, 35, 18, 29, 37, 29, 30, 16, 18, 58, 63, 513, 44, 65, 25, 51, 337, 80], "out_size": [199, 199, 299, 399, 399, 399, 599, 520, 799, 799, 799, 799, 799, 799, 799, 799, 799, 726, 999, 999, 999, 999, 1199, 1199, 842, 1199, 944, 736, 1295, 1599, 1147, 2399, 2399, 2399, 1306, 2399, 3199, 3999, 3999, 1467, 4799, 4999, 4999, 5599, 992, 5999, 1209, 6999, 7999, 1046, 835, 9999, 9999, 11999, 11999, 2025, 2847, 19999, 19999, 23999], "resp_len": [227, 227, 325, 430, 431, 429, 618, 563, 838, 836, 878, 964, 910, 862, 857, 827, 891, 834, 1097, 1141, 1025, 1075, 1302, 1215, 887, 1220, 1008, 1063, 1316, 1652, 1180, 2422, 2456, 2469, 1585, 2435, 3261, 4047, 4240, 1545, 4842, 5030, 5051, 5634, 1010, 6028, 1246, 7028, 8029, 1062, 853, 10057, 10062, 12512, 12043, 2090, 2872, 20050, 20336, 24079], "KV_size": [119.013376, 119.013376, 170.3936, 225.44384, 225.968128, 224.919552, 324.009984, 295.174144, 439.353344, 438.304768, 460.324864, 505.413632, 477.10208, 451.936256, 449.314816, 433.586176, 467.140608, 437.256192, 575.143936, 598.212608, 537.3952, 563.6096, 682.622976, 637.00992, 465.043456, 639.63136, 528.482304, 557.318144, 689.963008, 866.123776, 618.65984, 1269.825536, 1287.651328, 1294.467072, 830.99648, 1276.64128, 1709.703168, 2121.793536, 2222.98112, 810.02496, 2538.602496, 2637.16864, 2648.178688, 2953.838592, 529.53088, 3160.408064, 653.262848, 3684.696064, 4209.508352, 556.793856, 447.217664, 5272.764416, 5275.385856, 6559.891456, 6314.000384, 1095.76192, 1505.755136, 10511.9744, 10661.920768, 12624.330752], "attn_size": [0.0, 0.0, 0.0, 0.0, 0.0, 0.0, 0.0, 0.0, 0.0, 0.0, 0.0, 0.0, 0.0, 0.0, 0.0, 0.0, 0.0, 0.0, 0.0, 0.0, 0.0, 0.0, 0.0, 0.0, 0.0, 0.0, 0.0, 0.0, 0.0, 0.0, 0.0, 0.0, 0.0, 0.0, 0.0, 0.0, 0.0, 0.0, 0.0, 0.0, 0.0, 0.0, 0.0, 0.0, 0.0, 0.0, 0.0, 0.0, 0.0, 0.0, 0.0, 0.0, 0.0, 0.0, 0.0, 0.0, 0.0, 0.0, 0.0, 0.0], "total_cache": [119.013376, 119.013376, 170.3936, 225.44384, 225.968128, 224.919552, 324.009984, 295.174144, 439.353344, 438.304768, 460.324864, 505.413632, 477.10208, 451.936256, 449.314816, 433.586176, 467.140608, 437.256192, 575.143936, 598.212608, 537.3952, 563.6096, 682.622976, 637.00992, 465.043456, 639.63136, 528.482304, 557.318144, 689.963008, 866.123776, 618.65984, 1269.825536, 1287.651328, 1294.467072, 830.99648, 1276.64128, 1709.703168, 2121.793536, 2222.98112, 810.02496, 2538.602496, 2637.16864, 2648.178688, 2953.838592, 529.53088, 3160.408064, 653.262848, 3684.696064, 4209.508352, 556.793856, 447.217664, 5272.764416, 5275.385856, 6559.891456, 6314.000384, 1095.76192, 1505.755136, 10511.9744, 10661.920768, 12624.330752]},