,Relevance,Accuracy,Coherence,Clarity,Breadth and Depth,Reading Experience,total
preds_ws3_st20.0_snks0_hopf_False_type_max_fused_lenNone_gblFalse,87.2340425531915,76.06382978723406,56.38297872340425,60.63829787234043,66.48936170212765,53.72340425531915,66.75531914893618
preds_ws10_st50.0_snks0_hopf_True_type_max_fused_lenNone_gblFalse,89.89361702127661,80.85106382978724,65.95744680851064,66.48936170212765,68.08510638297872,56.91489361702128,71.36524822695036
preds_ws5_st50.0_snks0_hopf_True_type_max_fused_lenNone_gblFalse,90.625,77.08333333333333,63.020833333333336,60.416666666666664,63.541666666666664,55.208333333333336,68.31597222222221
