{
    "preds_ws3_st20.0_snks0_hopf_False_type_max_fused_lenNone_gblFalse": {
        "Relevance": 87.2340425531915,
        "Accuracy": 76.06382978723406,
        "Coherence": 56.38297872340425,
        "Clarity": 60.63829787234043,
        "Breadth and Depth": 66.48936170212765,
        "Reading Experience": 53.72340425531915,
        "total": 66.75531914893618
    },
    "preds_ws10_st50.0_snks0_hopf_True_type_max_fused_lenNone_gblFalse": {
        "Relevance": 89.89361702127661,
        "Accuracy": 80.85106382978724,
        "Coherence": 65.95744680851064,
        "Clarity": 66.48936170212765,
        "Breadth and Depth": 68.08510638297872,
        "Reading Experience": 56.91489361702128,
        "total": 71.36524822695036
    },
    "preds_ws5_st50.0_snks0_hopf_True_type_max_fused_lenNone_gblFalse": {
        "Relevance": 90.625,
        "Accuracy": 77.08333333333333,
        "Coherence": 63.020833333333336,
        "Clarity": 60.416666666666664,
        "Breadth and Depth": 63.541666666666664,
        "Reading Experience": 55.208333333333336,
        "total": 68.31597222222221
    }
}