,Relevance,Accuracy,Coherence,Clarity,Breadth and Depth,Reading Experience,total
preds_ws3_st20.0_ea1.0_snks0_hopf_False_type_max_fused_lenNone_gblFalse,86.44067796610169,73.72881355932203,59.7457627118644,63.13559322033898,66.94915254237289,58.47457627118644,68.07909604519774
preds_ws30_st20.0_ea1.0_snks0_hopf_True_type_sum_fused_lenNone_gblFalse,92.5,89.58333333333333,77.08333333333333,77.91666666666666,75.0,68.75,80.13888888888887
preds_ws30_st630.0_ea1.0_snks0_hopf_True_type_snapkv_lenNone_gblFalse,86.01694915254237,68.64406779661016,55.932203389830505,58.47457627118644,65.67796610169492,54.23728813559322,64.83050847457626
preds_ws30_st20.0_ea1.0_snks0_hopf_True_type_max_fused_lenNone_gblFalse,85.41666666666667,70.83333333333334,60.416666666666664,62.083333333333336,67.91666666666667,57.08333333333333,67.29166666666667
preds_ws20_st20.0_ea1.0_snks0_hopf_True_type_max_fused_lenNone_gblFalse,88.75,84.58333333333334,66.66666666666666,70.0,68.33333333333333,60.0,73.05555555555556
