,Relevance,Accuracy,Coherence,Clarity,Breadth and Depth,Reading Experience,total
preds_ws3_st20.0_ea1.0_snks0_hopf_False_type_max_fused_lenNone_gblFalse,86.44067796610169,69.49152542372882,59.7457627118644,61.016949152542374,64.40677966101694,56.355932203389834,66.24293785310735
preds_ws30_st20.0_ea1.0_snks0_hopf_True_type_sum_fused_lenNone_gblFalse,86.25,69.58333333333333,59.166666666666664,61.25000000000001,62.5,53.75,65.41666666666667
preds_ws30_st630.0_ea1.0_snks0_hopf_True_type_snapkv_lenNone_gblFalse,87.71186440677967,72.45762711864407,60.59322033898306,63.559322033898304,68.22033898305084,57.6271186440678,68.36158192090396
preds_ws50_st20.0_ea1.0_snks0_hopf_True_type_sum_fused_win_fix_lenNone_gblFalse,87.91666666666667,70.0,58.75,59.583333333333336,63.74999999999999,55.833333333333336,65.97222222222221
preds_ws30_st20.0_ea1.0_snks0_hopf_True_type_sum_fused_win_fix_lenNone_gblFalse,85.41666666666667,70.41666666666667,58.333333333333336,59.166666666666664,63.74999999999999,52.5,64.93055555555556
preds_ws30_st20.0_ea1.0_snks0_hopf_True_type_h2o_masked_lenNone_gblFalse,85.00000000000001,67.08333333333333,54.58333333333333,56.25,67.08333333333333,52.5,63.75
preds_ws30_st20.0_ea1.0_snks0_hopf_True_type_max_fused_lenNone_gblFalse,83.33333333333333,70.83333333333334,58.333333333333336,60.416666666666664,62.5,55.00000000000001,65.06944444444444
preds_ws20_st20.0_ea1.0_snks0_hopf_True_type_max_fused_lenNone_gblFalse,87.91666666666667,84.58333333333334,67.91666666666667,71.25,69.58333333333333,62.916666666666664,74.02777777777779
