{"preds_ws3_st20.0_ea1.0_snks0_hopf_False_type_max_fused_lenNone_gblFalse": {"gen_time(s)": [1737390774.844, 7.4019999504089355, 11.35699987411499, 14.580000162124634, 14.839999914169312, 9.914999961853027, 22.2260000705719, 22.35599994659424, 29.253999948501587, 26.881999969482422, 30.03700017929077, 18.865999937057495, 26.335999965667725, 29.555999994277954, 28.801000118255615, 29.730000019073486, 29.91699981689453, 23.86400008201599, 37.193000078201294, 34.41100001335144, 36.98099994659424, 36.81500005722046, 22.146999835968018, 44.52500009536743, 44.800999879837036, 44.33400011062622, 56.098000049591064, 59.35800004005432, 59.67699980735779, 59.24500012397766, 74.32399988174438, 89.35400009155273, 69.62100005149841, 89.39699983596802, 89.34000015258789, 89.04699993133545, 86.8840000629425, 149.45299983024597, 115.55599999427795, 148.37600016593933, 179.5019998550415, 138.88000011444092, 106.3840000629425, 209.18799996376038, 222.8289999961853, 223.9649999141693, 223.82599997520447, 260.75100016593933, 299.73099994659424, 301.00499987602234, 378.67000007629395, 379.05599999427795, 58.28099989891052, 513.824000120163, 455.22300004959106, 454.0869998931885, 289.6879999637604, 754.297000169754, 752.0609998703003, 922.1690001487732], "inp_size": [29, 29, 27, 32, 33, 31, 20, 43, 40, 38, 80, 168, 112, 64, 59, 29, 93, 111, 99, 143, 27, 77, 104, 17, 46, 22, 65, 339, 22, 54, 34, 24, 58, 71, 317, 37, 63, 49, 242, 79, 44, 32, 53, 36, 19, 30, 38, 30, 26, 17, 19, 59, 64, 514, 45, 66, 27, 55, 341, 83], "out_size": [199, 199, 299, 390, 399, 264, 599, 599, 799, 716, 799, 508, 707, 799, 768, 799, 799, 645, 999, 919, 999, 999, 597, 1199, 1199, 1199, 1519, 1599, 1599, 1599, 1999, 2399, 1857, 2399, 2399, 2399, 2326, 3999, 3085, 3999, 4799, 3691, 2883, 5599, 5999, 5999, 5999, 6999, 7999, 7999, 9999, 9999, 1562, 11999, 11999, 11999, 7691, 19999, 19999, 23999], "resp_len": [228, 228, 326, 422, 432, 295, 619, 642, 839, 754, 879, 676, 819, 863, 827, 828, 892, 756, 1098, 1062, 1026, 1076, 701, 1216, 1245, 1221, 1584, 1938, 1621, 1653, 2033, 2423, 1915, 2470, 2716, 2436, 2389, 4048, 3327, 4078, 4843, 3723, 2936, 5635, 6018, 6029, 6037, 7029, 8025, 8016, 10018, 10058, 1626, 12513, 12044, 12065, 7718, 20054, 20340, 24082], "KV_size": [13.074432, 13.074432, 18.694144, 24.199168, 24.772608, 16.91648, 35.495936, 36.814848, 48.111616, 43.237376, 50.405376, 38.764544, 46.964736, 49.487872, 47.423488, 47.480832, 51.150848, 43.352064, 62.963712, 60.899328, 58.834944, 61.702144, 40.198144, 69.730304, 71.39328, 70.017024, 90.832896, 111.132672, 92.954624, 94.789632, 116.580352, 138.944512, 109.81376, 141.63968, 155.746304, 139.689984, 136.994816, 232.128512, 190.783488, 233.848832, 277.716992, 213.491712, 168.361984, 323.13344, 345.096192, 345.726976, 346.185728, 403.070976, 460.1856, 459.669504, 574.472192, 576.765952, 93.241344, 717.545472, 690.651136, 691.85536, 442.580992, 1149.976576, 1166.37696, 1380.958208], "attn_size": [0.0, 0.0, 0.0, 0.0, 0.0, 0.0, 0.0, 0.0, 0.0, 0.0, 0.0, 0.0, 0.0, 0.0, 0.0, 0.0, 0.0, 0.0, 0.0, 0.0, 0.0, 0.0, 0.0, 0.0, 0.0, 0.0, 0.0, 0.0, 0.0, 0.0, 0.0, 0.0, 0.0, 0.0, 0.0, 0.0, 0.0, 0.0, 0.0, 0.0, 0.0, 0.0, 0.0, 0.0, 0.0, 0.0, 0.0, 0.0, 0.0, 0.0, 0.0, 0.0, 0.0, 0.0, 0.0, 0.0, 0.0, 0.0, 0.0, 0.0], "total_cache": [13.074432, 13.074432, 18.694144, 24.199168, 24.772608, 16.91648, 35.495936, 36.814848, 48.111616, 43.237376, 50.405376, 38.764544, 46.964736, 49.487872, 47.423488, 47.480832, 51.150848, 43.352064, 62.963712, 60.899328, 58.834944, 61.702144, 40.198144, 69.730304, 71.39328, 70.017024, 90.832896, 111.132672, 92.954624, 94.789632, 116.580352, 138.944512, 109.81376, 141.63968, 155.746304, 139.689984, 136.994816, 232.128512, 190.783488, 233.848832, 277.716992, 213.491712, 168.361984, 323.13344, 345.096192, 345.726976, 346.185728, 403.070976, 460.1856, 459.669504, 574.472192, 576.765952, 93.241344, 717.545472, 690.651136, 691.85536, 442.580992, 1149.976576, 1166.37696, 1380.958208]}, "preds_ws30_st630.0_ea1.0_snks0_hopf_True_type_snapkv_lenNone_gblFalse": {"gen_time(s)": [1737416041.169, 6.834000110626221, 10.520999908447266, 14.39300012588501, 14.567999839782715, 9.64900016784668, 21.543999910354614, 21.671000003814697, 28.664000034332275, 26.020999908447266, 28.957000017166138, 17.865000009536743, 25.575999975204468, 28.222000122070312, 27.817999839782715, 28.60800004005432, 28.75600004196167, 23.314000129699707, 35.870999813079834, 32.60300016403198, 36.55999994277954, 36.27999997138977, 21.776000022888184, 43.706000089645386, 42.967000007629395, 42.97699999809265, 55.07599997520447, 57.47199988365173, 57.5220000743866, 57.11699986457825, 71.29299998283386, 85.99600005149841, 66.4850001335144, 85.62399983406067, 86.19600009918213, 82.90700006484985, 83.96799993515015, 143.40899991989136, 111.35600018501282, 143.2059998512268, 172.33700013160706, 132.29499983787537, 103.78500008583069, 199.09599995613098, 214.72399997711182, 216.19600009918213, 212.56299996376038, 248.48499989509583, 286.97300004959106, 286.09299993515015, 356.4210000038147, 354.6210000514984, 55.44600009918213, 438.6029999256134, 434.87800002098083, 436.1889998912811, 275.1190001964569, 846.8469998836517, 853.6380000114441, 1109.7599999904633], "inp_size": [29, 29, 27, 32, 33, 31, 20, 43, 40, 38, 80, 168, 112, 64, 59, 29, 93, 111, 99, 143, 27, 77, 104, 17, 46, 22, 65, 339, 22, 54, 34, 24, 58, 71, 317, 37, 63, 49, 242, 79, 44, 32, 53, 36, 19, 30, 38, 30, 26, 17, 19, 59, 64, 514, 45, 66, 27, 55, 341, 83], "out_size": [199, 199, 299, 390, 399, 264, 599, 599, 799, 716, 799, 508, 707, 799, 768, 799, 799, 645, 999, 919, 999, 999, 597, 1199, 1199, 1199, 1519, 1599, 1599, 1599, 1999, 2399, 1857, 2399, 2399, 2399, 2326, 3999, 3085, 3999, 4799, 3691, 2883, 5599, 5999, 5999, 5999, 6999, 7999, 7999, 9999, 9999, 1562, 11999, 11999, 11999, 7691, 19999, 19999, 23999], "resp_len": [228, 228, 326, 422, 432, 295, 619, 642, 839, 754, 879, 676, 819, 863, 827, 828, 892, 756, 1098, 1062, 1026, 1076, 701, 1216, 1245, 1221, 1584, 1938, 1621, 1653, 2033, 2423, 1915, 2470, 2716, 2436, 2389, 4048, 3327, 4078, 4843, 3723, 2936, 5635, 6018, 6029, 6037, 7029, 8025, 8016, 10018, 10058, 1626, 12513, 12044, 12065, 7718, 20054, 20340, 24082], "KV_size": [91.521024, 91.521024, 130.859008, 169.394176, 173.408256, 118.41536, 248.471552, 257.703936, 336.781312, 302.661632, 352.837632, 271.351808, 328.753152, 346.415104, 331.964416, 332.365824, 358.055936, 303.464448, 440.745984, 426.295296, 411.844608, 431.915008, 281.387008, 488.112128, 499.75296, 490.119168, 635.830272, 777.928704, 650.682368, 663.527424, 816.062464, 972.611584, 768.69632, 991.47776, 1090.224128, 977.829888, 958.963712, 1624.899584, 1335.484416, 1636.941824, 1944.018944, 1494.441984, 1178.533888, 2261.93408, 2415.673344, 2420.088832, 2423.300096, 2821.496832, 3221.2992, 3217.686528, 4021.305344, 4037.361664, 652.689408, 5022.818304, 4834.557952, 4842.98752, 3098.066944, 8049.836032, 8164.63872, 9666.707456], "attn_size": [0.0, 0.0, 0.0, 0.0, 0.0, 0.0, 0.0, 0.0, 0.0, 0.0, 0.0, 0.0, 0.0, 0.0, 0.0, 0.0, 0.0, 0.0, 0.0, 0.0, 0.0, 0.0, 0.0, 0.0, 0.0, 0.0, 0.0, 0.0, 0.0, 0.0, 0.0, 0.0, 0.0, 0.0, 0.0, 0.0, 0.0, 0.0, 0.0, 0.0, 0.0, 0.0, 0.0, 0.0, 0.0, 0.0, 0.0, 0.0, 0.0, 0.0, 0.0, 0.0, 0.0, 0.0, 0.0, 0.0, 0.0, 0.0, 0.0, 0.0], "total_cache": [91.521024, 91.521024, 130.859008, 169.394176, 173.408256, 118.41536, 248.471552, 257.703936, 336.781312, 302.661632, 352.837632, 271.351808, 328.753152, 346.415104, 331.964416, 332.365824, 358.055936, 303.464448, 440.745984, 426.295296, 411.844608, 431.915008, 281.387008, 488.112128, 499.75296, 490.119168, 635.830272, 777.928704, 650.682368, 663.527424, 816.062464, 972.611584, 768.69632, 991.47776, 1090.224128, 977.829888, 958.963712, 1624.899584, 1335.484416, 1636.941824, 1944.018944, 1494.441984, 1178.533888, 2261.93408, 2415.673344, 2420.088832, 2423.300096, 2821.496832, 3221.2992, 3217.686528, 4021.305344, 4037.361664, 652.689408, 5022.818304, 4834.557952, 4842.98752, 3098.066944, 8049.836032, 8164.63872, 9666.707456]},