,Relevance,Accuracy,Coherence,Clarity,Breadth and Depth,Reading Experience,total
preds_ws3_st20.0_snks0_hopf_False_type_max_fused_lenNone_gblFalse,84.05172413793103,84.05172413793103,55.172413793103445,62.93103448275862,47.41379310344828,46.98275862068966,63.433908045977006
preds_ws30_st630.0_ea1.0_snks0_hopf_True_type_snapkv_lenNone_gblFalse,86.66666666666667,85.41666666666667,52.916666666666664,62.916666666666664,52.083333333333336,44.58333333333333,64.09722222222221
preds_ws50_st20.0_ea1.0_snks0_hopf_True_type_sum_fused_win_fix_lenNone_gblFalse,83.03571428571428,83.03571428571428,56.25,63.83928571428571,51.33928571428571,44.64285714285714,63.69047619047618
preds_ws30_st20.0_ea1.0_snks0_hopf_True_type_sum_fused_win_fix_lenNone_gblFalse,84.91379310344827,83.62068965517241,54.310344827586206,62.5,49.56896551724138,45.258620689655174,63.362068965517246
preds_ws30_st20.0_ea1.0_snks0_hopf_True_type_h2o_masked_lenNone_gblFalse,85.16949152542372,83.89830508474576,55.932203389830505,60.59322033898306,48.30508474576271,45.76271186440678,63.27683615819209
preds_ws30_st20.0_ea1.0_snks0_hopf_True_type_max_fused_lenNone_gblFalse,83.88888888888889,83.33333333333333,51.11111111111111,58.88888888888889,53.888888888888886,41.11111111111111,62.03703703703703
