,Relevance,Accuracy,Coherence,Clarity,Breadth and Depth,Reading Experience,total
preds_ws5_st50.0_ea1.0_snks0_hopf_True_type_max_fused_lenNone_gblFalse,83.8235294117647,71.56862745098039,60.78431372549019,62.745098039215684,60.78431372549019,53.92156862745098,65.60457516339868
preds_ws10_st50.0_ea1.5_snks0_hopf_True_type_max_fused_lenNone_gblFalse,85.59322033898304,70.76271186440678,55.50847457627118,61.440677966101696,63.983050847457626,51.69491525423729,64.83050847457626
preds_ws10_st50.0_snks0_hopf_True_type_max_fused_lenNone_gblFalse,85.83333333333334,71.66666666666667,59.583333333333336,63.33333333333333,65.0,57.49999999999999,67.15277777777779
