,Relevance,Accuracy,Coherence,Clarity,Breadth and Depth,Reading Experience,total
preds_ws3_st20.0_snks0_hopf_False_type_max_fused_lenNone_gblFalse,86.25,82.08333333333333,60.83333333333333,69.16666666666667,49.16666666666667,52.916666666666664,66.73611111111111
preds_ws10_st50.0_snks0_hopf_True_type_max_fused_lenNone_gblFalse,86.66666666666667,86.66666666666667,61.25000000000001,70.83333333333334,55.833333333333336,52.083333333333336,68.88888888888889
preds_ws5_st10.0_snks0_hopf_True_type_max_fused_lenNone_gblFalse,61.25000000000001,70.0,37.916666666666664,49.583333333333336,42.50000000000001,32.08333333333333,48.888888888888886
preds_ws10_st511.0_snks0_hopf_True_type_snapkv_lenNone_gblFalse,85.37735849056605,85.84905660377358,64.62264150943396,74.05660377358491,51.41509433962265,54.24528301886793,69.26100628930818
