,Relevance,Accuracy,Coherence,Clarity,Breadth and Depth,Reading Experience,total
preds_ws3_st20.0_snks0_hopf_False_type_max_fused_lenNone_gblFalse,64.58333333333334,77.08333333333333,68.33333333333333,72.5,42.50000000000001,56.666666666666664,63.611111111111114
preds_ws10_st50.0_snks0_hopf_True_type_max_fused_lenNone_gblFalse,55.41666666666667,70.83333333333334,60.83333333333333,66.66666666666666,41.25,51.66666666666667,57.77777777777778
preds_ws5_st50.0_snks0_hopf_True_type_max_fused_lenNone_gblFalse,65.83333333333333,74.58333333333333,67.91666666666667,70.0,45.833333333333336,57.08333333333333,63.54166666666666
