{"preds_ws3_st20.0_snks0_hopf_False_type_max_fused_lenNone_gblFalse": {"gen_time(s)": [1736662601.211, 4.739000082015991, 13.333999872207642, 21.555000066757202, 21.390000104904175, 21.37399983406067, 31.94600009918213, 3.1449999809265137, 42.77300000190735, 42.38700008392334, 34.5789999961853, 0.21399998664855957, 42.401999950408936, 42.37100005149841, 32.33299994468689, 40.87299990653992, 42.41000008583069, 53.2039999961853, 53.68600010871887, 33.617999792099, 53.37100005149841, 19.14199995994568, 63.985000133514404, 45.01300001144409, 63.44199991226196, 63.81599998474121, 0.6970000267028809, 0.20799994468688965, 5.996999979019165, 2.5160000324249268, 107.66700005531311, 1.8250000476837158, 48.24600005149841, 58.27899980545044, 128.0310001373291, 74.85999989509583, 50.799999952316284, 202.46200013160706, 168.44199991226196, 258.8180000782013, 253.77900004386902, 0.2070000171661377, 61.55900001525879, 95.73899984359741, 314.5020000934601, 88.71399998664856, 104.42000007629395, 0.20599985122680664, 140.46600008010864, 417.5149998664856, 527.4720001220703, 5.92300009727478, 531.5230000019073, 0.21799993515014648, 127.07299995422363, 629.4769999980927, 9.21399998664856, 117.11100006103516, 1129.2860000133514, 1440.654000043869], "inp_size": [27, 27, 25, 30, 31, 29, 18, 42, 38, 36, 78, 164, 110, 62, 57, 27, 91, 107, 97, 141, 25, 75, 102, 15, 44, 20, 63, 326, 20, 52, 32, 22, 56, 69, 278, 35, 61, 47, 240, 77, 42, 30, 51, 34, 17, 28, 36, 28, 36, 15, 17, 57, 62, 512, 43, 64, 24, 50, 336, 79], "out_size": [199, 88, 247, 399, 399, 399, 599, 56, 799, 799, 650, 1, 799, 799, 611, 768, 799, 999, 999, 626, 999, 358, 1199, 845, 1199, 1199, 10, 1, 111, 45, 1999, 31, 896, 1081, 2399, 1400, 950, 3858, 3207, 3999, 4799, 1, 1142, 1804, 5999, 1666, 1887, 1, 2617, 7999, 9999, 108, 9999, 1, 2397, 11999, 169, 2235, 19999, 23999], "resp_len": [126, 73, 215, 329, 303, 290, 473, 42, 624, 749, 521, 0, 668, 613, 479, 631, 532, 789, 802, 443, 802, 313, 925, 679, 951, 654, 9, 0, 81, 39, 1544, 25, 660, 831, 1717, 969, 700, 2775, 2603, 2078, 3803, 0, 947, 1404, 4016, 1308, 1235, 0, 1973, 5646, 7199, 86, 4206, 0, 1863, 9333, 140, 1847, 9635, 13548], "KV_size": [46.2848, 23.552, 55.7056, 87.8592, 88.064, 87.6544, 126.3616, 20.0704, 171.4176, 171.008, 149.0944, 33.792, 186.1632, 176.3328, 136.8064, 162.816, 182.272, 226.5088, 224.4608, 157.0816, 209.7152, 88.6784, 266.4448, 176.128, 254.5664, 249.6512, 14.9504, 66.9696, 26.8288, 19.8656, 415.9488, 10.8544, 194.9696, 235.52, 548.2496, 293.888, 207.0528, 799.744, 705.9456, 834.7648, 991.4368, 6.3488, 244.3264, 376.4224, 1232.0768, 346.9312, 393.8304, 5.9392, 543.3344, 1641.2672, 2051.2768, 33.792, 2060.4928, 105.0624, 499.712, 2470.5024, 39.5264, 467.968, 4164.608, 4931.1744], "attn_size": [0.0, 0.0, 0.0, 0.0, 0.0, 0.0, 0.0, 0.0, 0.0, 0.0, 0.0, 0.0, 0.0, 0.0, 0.0, 0.0, 0.0, 0.0, 0.0, 0.0, 0.0, 0.0, 0.0, 0.0, 0.0, 0.0, 0.0, 0.0, 0.0, 0.0, 0.0, 0.0, 0.0, 0.0, 0.0, 0.0, 0.0, 0.0, 0.0, 0.0, 0.0, 0.0, 0.0, 0.0, 0.0, 0.0, 0.0, 0.0, 0.0, 0.0, 0.0, 0.0, 0.0, 0.0, 0.0, 0.0, 0.0, 0.0, 0.0, 0.0], "total_cache": [46.2848, 23.552, 55.7056, 87.8592, 88.064, 87.6544, 126.3616, 20.0704, 171.4176, 171.008, 149.0944, 33.792, 186.1632, 176.3328, 136.8064, 162.816, 182.272, 226.5088, 224.4608, 157.0816, 209.7152, 88.6784, 266.4448, 176.128, 254.5664, 249.6512, 14.9504, 66.9696, 26.8288, 19.8656, 415.9488, 10.8544, 194.9696, 235.52, 548.2496, 293.888, 207.0528, 799.744, 705.9456, 834.7648, 991.4368, 6.3488, 244.3264, 376.4224, 1232.0768, 346.9312, 393.8304, 5.9392, 543.3344, 1641.2672, 2051.2768, 33.792, 2060.4928, 105.0624, 499.712, 2470.5024, 39.5264, 467.968, 4164.608, 4931.1744]}, "preds_ws10_st50.0_snks0_hopf_True_type_max_fused_lenNone_gblFalse": {"gen_time(s)": [1736653362.566, 4.299999952316284, 12.588000059127808, 20.325000047683716, 20.253000020980835, 20.180999994277954, 33.11899995803833, 2.825000047683716, 50.04099988937378, 78.19700002670288, 81.42300009727478, 0.33699989318847656, 83.2480001449585, 46.24499988555908, 77.82399988174438, 76.72800016403198, 79.93899989128113, 0.2330000400543213, 108.14599990844727, 0.2330000400543213, 102.60199999809265, 0.22900009155273438, 136.56500005722046, 129.56399989128113, 109.90100002288818, 131.23499989509583, 0.22600007057189941, 1.7860000133514404, 143.614000082016, 91.48300004005432, 97.84599995613098, 9.450000047683716, 224.4340000152588, 63.15499997138977, 308.8819999694824, 292.09800004959106, 99.06799983978271, 89.68300008773804, 523.875, 192.75, 230.97300004959106, 0.22099995613098145, 642.8020000457764, 135.43499994277954, 240.60599994659424, 275.83700013160706, 304.606999874115, 86.43099999427795, 1.7020001411437988, 0.21599984169006348, 3.009000062942505, 100.34299993515015, 1.0329999923706055, 237.4630000591278, 153.6029999256134, 204.27600002288818, 0.2239999771118164, 2664.991000175476, 0.5269999504089355, 375.05999994277954], "inp_size": [27, 27, 25, 30, 31, 29, 18, 42, 38, 36, 78, 164, 110, 62, 57, 27, 91, 107, 97, 141, 25, 75, 102, 15, 44, 20, 63, 326, 20, 52, 32, 22, 56, 69, 278, 35, 61, 47, 240, 77, 42, 30, 51, 34, 17, 28, 36, 28, 36, 15, 17, 57, 62, 512, 43, 64, 24, 50, 336, 79], "out_size": [199, 88, 247, 399, 399, 399, 599, 56, 799, 799, 650, 1, 799, 799, 611, 768, 799, 999, 999, 626, 999, 358, 1199, 845, 1199, 1199, 10, 1, 111, 45, 1999, 31, 896, 1081, 2399, 1400, 950, 3858, 3207, 3999, 4799, 1, 1142, 1804, 5999, 1666, 1887, 1, 2617, 7999, 9999, 108, 9999, 1, 2397, 11999, 169, 2235, 19999, 23999], "resp_len": [126, 73, 215, 329, 303, 290, 473, 42, 626, 747, 638, 0, 658, 446, 643, 649, 626, 0, 827, 0, 813, 0, 971, 916, 747, 835, 0, 12, 1034, 777, 729, 111, 1509, 519, 1825, 1992, 689, 544, 2457, 1216, 1574, 0, 3917, 932, 1558, 1837, 1714, 724, 17, 0, 17, 769, 11, 1386, 1070, 1409, 0, 12122, 4, 2450], "KV_size": [46.2848, 23.552, 55.7056, 87.8592, 88.064, 87.6544, 104.6528, 20.0704, 104.6528, 104.6528, 104.6528, 33.792, 104.6528, 104.6528, 104.6528, 104.6528, 104.6528, 22.1184, 104.6528, 29.0816, 104.6528, 15.5648, 104.6528, 104.6528, 104.6528, 104.6528, 13.1072, 71.68, 104.6528, 104.6528, 104.6528, 32.768, 104.6528, 104.6528, 104.6528, 104.6528, 104.6528, 104.6528, 104.6528, 104.6528, 104.6528, 6.3488, 104.6528, 104.6528, 104.6528, 104.6528, 104.6528, 104.6528, 12.0832, 3.2768, 12.288, 104.6528, 15.36, 104.6528, 104.6528, 104.6528, 5.12, 104.6528, 69.8368, 104.6528], "attn_size": [2.016, 1.168, 3.44, 5.264, 4.848, 4.64, 7.568, 0.672, 10.016, 11.952, 10.208, 0.0, 10.528, 7.136, 10.288, 10.384, 10.016, 0.0, 13.232, 0.0, 13.008, 0.0, 15.536, 14.656, 11.952, 13.36, 0.0, 0.192, 16.544, 12.432, 11.664, 1.776, 24.144, 8.304, 29.2, 31.872, 11.024, 8.704, 39.312, 19.456, 25.184, 0.0, 62.672, 14.912, 24.928, 29.392, 27.424, 11.584, 0.272, 0.0, 0.272, 12.304, 0.176, 22.176, 17.12, 22.544, 0.0, 193.952, 0.064, 39.2], "total_cache": [48.300799999999995, 24.72, 59.145599999999995, 93.1232, 92.91199999999999, 92.2944, 112.2208, 20.7424, 114.6688, 116.6048, 114.8608, 33.792, 115.1808, 111.7888, 114.9408, 115.0368, 114.6688, 22.1184, 117.8848, 29.0816, 117.6608, 15.5648, 120.1888, 119.3088, 116.6048, 118.0128, 13.1072, 71.872, 121.1968, 117.0848, 116.3168, 34.544000000000004, 128.7968, 112.9568, 133.8528, 136.5248, 115.6768, 113.35679999999999, 143.9648, 124.1088, 129.8368, 6.3488, 167.32479999999998, 119.5648, 129.5808, 134.0448, 132.0768, 116.2368, 12.3552, 3.2768, 12.56, 116.9568, 15.536, 126.8288, 121.7728, 127.1968, 5.12, 298.6048, 69.90079999999999, 143.8528]},