,Relevance,Accuracy,Coherence,Clarity,Breadth and Depth,Reading Experience,total
preds_ws3_st20.0_snks0_hopf_False_type_max_fused_lenNone_gblFalse,93.75,88.75,85.00000000000001,84.58333333333334,60.416666666666664,75.0,81.25000000000001
preds_ws30_st20.0_ea1.0_snks0_hopf_True_type_sum_fused_lenNone_gblFalse,92.5,87.08333333333333,82.5,84.58333333333334,58.333333333333336,74.58333333333333,79.93055555555554
preds_ws30_st630.0_ea1.0_snks0_hopf_True_type_snapkv_lenNone_gblFalse,90.41666666666666,89.58333333333333,84.58333333333334,84.16666666666666,61.66666666666667,76.25,81.11111111111111
preds_ws50_st20.0_ea1.0_snks0_hopf_True_type_sum_fused_win_fix_lenNone_gblFalse,92.91666666666667,86.66666666666667,86.66666666666667,84.16666666666666,58.75,76.25,80.90277777777777
preds_ws30_mc630_ea1.0_snks0_hopf_True_type_sum_fused_rerun_lenNone_gblFalse,91.25000000000001,85.83333333333334,80.83333333333333,83.74999999999999,59.583333333333336,72.5,78.95833333333333
preds_ws30_st20.0_ea1.0_snks0_hopf_True_type_sum_fused_win_fix_lenNone_gblFalse,92.5,89.16666666666666,84.16666666666666,85.41666666666667,60.416666666666664,75.0,81.11111111111111
preds_ws30_st20.0_ea1.0_snks0_hopf_True_type_h2o_masked_lenNone_gblFalse,91.66666666666667,89.58333333333333,81.25,83.33333333333333,60.416666666666664,73.75,80.0
preds_ws30_st20.0_ea1.0_snks0_hopf_True_type_max_fused_lenNone_gblFalse,91.66666666666667,86.66666666666667,82.91666666666666,82.08333333333333,57.91666666666667,71.66666666666667,78.81944444444444
preds_ws10_st60.0_ea1.0_snks0_hopf_True_type_max_fused_lenNone_gblFalse,92.08333333333334,84.58333333333334,82.5,79.58333333333334,61.66666666666667,73.33333333333333,78.95833333333333
