Unnamed: 0,Relevance,Accuracy,Coherence,Clarity,Breadth and Depth,Reading Experience,total,Cache
preds_ws10_st60.0_ea1.0_snks0_hopf_True_type_max_fused_lenNone_gblFalse,92.08333333333334,84.58333333333334,82.5,79.58333333333334,61.66666666666667,73.33333333333333,78.95833333333333,81.5276032
preds_ws30_st20.0_ea1.0_snks0_hopf_True_type_h2o_masked_lenNone_gblFalse,91.66666666666669,89.58333333333333,81.25,83.33333333333333,60.41666666666666,73.75,80.0,79.97214720000007
preds_ws30_st20.0_ea1.0_snks0_hopf_True_type_max_fused_lenNone_gblFalse,91.66666666666669,86.66666666666667,82.91666666666666,82.08333333333333,57.91666666666667,71.66666666666667,78.81944444444444,95.56251306666672
preds_ws30_st20.0_ea1.0_snks0_hopf_True_type_sum_fused_lenNone_gblFalse,92.5,87.08333333333333,82.5,84.58333333333334,58.333333333333336,74.58333333333333,79.93055555555554,95.5783509333334
preds_ws30_st20.0_ea1.0_snks0_hopf_True_type_sum_fused_win_fix_lenNone_gblFalse,92.5,89.16666666666666,84.16666666666666,85.41666666666667,60.41666666666666,75.0,81.11111111111111,96.2770261333334
preds_ws30_st630.0_ea1.0_snks0_hopf_True_type_snapkv_lenNone_gblFalse,90.41666666666666,89.58333333333333,84.58333333333334,84.16666666666666,61.66666666666667,76.25,81.11111111111111,567.2446634666667
preds_ws3_st20.0_snks0_hopf_False_type_max_fused_lenNone_gblFalse,93.75,88.75,85.00000000000001,84.58333333333334,60.41666666666666,75.0,81.25000000000001,141.81116586666667
preds_ws50_st20.0_ea1.0_snks0_hopf_True_type_sum_fused_win_fix_lenNone_gblFalse,92.91666666666669,86.66666666666667,86.66666666666667,84.16666666666666,58.75,76.25,80.90277777777777,154.11401386666657
