{
    "preds_ws3_st20.0_snks0_hopf_False_type_max_fused_lenNone_gblFalse": {
        "Relevance": 92.08333333333334,
        "Accuracy": 85.83333333333334,
        "Coherence": 83.74999999999999,
        "Clarity": 82.5,
        "Breadth and Depth": 59.583333333333336,
        "Reading Experience": 75.83333333333333,
        "total": 79.93055555555556
    },
    "preds_ws30_st630.0_ea1.0_snks0_hopf_True_type_snapkv_lenNone_gblFalse": {
        "Relevance": 90.83333333333334,
        "Accuracy": 87.91666666666667,
        "Coherence": 84.16666666666666,
        "Clarity": 84.58333333333334,
        "Breadth and Depth": 62.916666666666664,
        "Reading Experience": 75.41666666666667,
        "total": 80.97222222222223
    },
    "preds_ws30_st20.0_ea1.0_snks0_hopf_True_type_max_fused_lenNone_gblFalse": {
        "Relevance": 91.66666666666667,
        "Accuracy": 87.08333333333333,
        "Coherence": 84.16666666666666,
        "Clarity": 82.08333333333333,
        "Breadth and Depth": 58.75,
        "Reading Experience": 75.83333333333333,
        "total": 79.93055555555554
    },
    "preds_ws10_st60.0_ea1.0_snks0_hopf_True_type_max_fused_lenNone_gblFalse": {
        "Relevance": 92.5,
        "Accuracy": 85.00000000000001,
        "Coherence": 81.66666666666667,
        "Clarity": 81.25,
        "Breadth and Depth": 57.91666666666667,
        "Reading Experience": 73.33333333333333,
        "total": 78.61111111111111
    }
}