{"preds_ws3_st20.0_snks0_hopf_False_type_max_fused_lenNone_gblFalse": {"gen_time(s)": [1737272666.397, 6.207000017166138, 7.455999851226807, 16.759000062942505, 14.119999885559082, 13.68500018119812, 21.955999851226807, 25.292999982833862, 22.296000003814697, 27.413000106811523, 31.05900001525879, 23.306999921798706, 26.663000106811523, 33.598000049591064, 26.027999877929688, 27.73099994659424, 17.759000062942505, 31.960000038146973, 28.193000078201294, 27.988999843597412, 27.861000061035156, 37.69099998474121, 22.41700005531311, 24.813999891281128, 31.999000072479248, 33.11699986457825, 29.97000002861023, 67.96900010108948, 44.36999988555908, 34.32100009918213, 57.12599992752075, 32.146000146865845, 39.91499996185303, 40.18599987030029, 62.42200016975403, 34.84599995613098, 54.54099988937378, 115.57800006866455, 32.19600009918213, 40.65999984741211, 65.3289999961853, 35.992000102996826, 38.99600005149841, 39.15899991989136, 64.00499987602234, 56.63800001144409, 221.70100021362305, 71.12299990653992, 43.23399996757507, 53.11199998855591, 51.860000133514404, 63.18299984931946, 68.14199995994568, 70.19900012016296, 36.2260000705719, 37.14800000190735, 44.74499988555908, 53.38100004196167, 40.24000000953674, 65.41100001335144], "inp_size": [32, 32, 31, 33, 38, 33, 22, 52, 43, 48, 99, 189, 130, 69, 62, 32, 101, 116, 109, 160, 30, 84, 127, 21, 53, 24, 78, 380, 27, 58, 36, 31, 61, 81, 328, 42, 70, 52, 288, 86, 50, 35, 59, 41, 21, 37, 42, 32, 42, 20, 21, 63, 68, 579, 50, 70, 34, 58, 361, 88], "out_size": [199, 147, 177, 399, 334, 324, 519, 599, 529, 652, 736, 548, 632, 799, 618, 658, 420, 757, 668, 663, 662, 894, 531, 588, 759, 787, 711, 1599, 1050, 813, 1353, 763, 946, 953, 1471, 826, 1290, 2710, 759, 963, 1543, 853, 925, 929, 1514, 1342, 5252, 1696, 1036, 1273, 1243, 1502, 1595, 1618, 869, 891, 1072, 1277, 959, 1562], "resp_len": [231, 179, 208, 432, 372, 357, 541, 651, 572, 700, 835, 737, 762, 868, 680, 690, 521, 873, 777, 823, 692, 978, 658, 609, 812, 811, 789, 1979, 1077, 871, 1389, 794, 1007, 1034, 1799, 868, 1360, 2762, 1047, 1049, 1593, 888, 984, 970, 1535, 1379, 5294, 1728, 1078, 1293, 1264, 1565, 1663, 2197, 919, 961, 1106, 1335, 1320, 1650], "KV_size": [30.277632, 23.461888, 27.262976, 56.623104, 48.758784, 46.792704, 70.909952, 85.327872, 74.973184, 91.7504, 109.44512, 96.600064, 99.876864, 113.770496, 89.12896, 90.43968, 68.288512, 114.425856, 101.842944, 107.872256, 90.701824, 128.188416, 86.245376, 79.822848, 106.430464, 106.299392, 103.415808, 259.391488, 141.164544, 114.163712, 182.059008, 104.071168, 131.989504, 135.528448, 235.798528, 113.770496, 178.25792, 362.020864, 137.232384, 137.494528, 208.797696, 116.391936, 128.974848, 127.13984, 201.19552, 180.748288, 693.895168, 226.492416, 141.295616, 169.476096, 165.675008, 205.12768, 217.972736, 287.965184, 120.455168, 125.960192, 144.965632, 174.98112, 173.01504, 216.2688], "attn_size": [0.0, 0.0, 0.0, 0.0, 0.0, 0.0, 0.0, 0.0, 0.0, 0.0, 0.0, 0.0, 0.0, 0.0, 0.0, 0.0, 0.0, 0.0, 0.0, 0.0, 0.0, 0.0, 0.0, 0.0, 0.0, 0.0, 0.0, 0.0, 0.0, 0.0, 0.0, 0.0, 0.0, 0.0, 0.0, 0.0, 0.0, 0.0, 0.0, 0.0, 0.0, 0.0, 0.0, 0.0, 0.0, 0.0, 0.0, 0.0, 0.0, 0.0, 0.0, 0.0, 0.0, 0.0, 0.0, 0.0, 0.0, 0.0, 0.0, 0.0], "total_cache": [30.277632, 23.461888, 27.262976, 56.623104, 48.758784, 46.792704, 70.909952, 85.327872, 74.973184, 91.7504, 109.44512, 96.600064, 99.876864, 113.770496, 89.12896, 90.43968, 68.288512, 114.425856, 101.842944, 107.872256, 90.701824, 128.188416, 86.245376, 79.822848, 106.430464, 106.299392, 103.415808, 259.391488, 141.164544, 114.163712, 182.059008, 104.071168, 131.989504, 135.528448, 235.798528, 113.770496, 178.25792, 362.020864, 137.232384, 137.494528, 208.797696, 116.391936, 128.974848, 127.13984, 201.19552, 180.748288, 693.895168, 226.492416, 141.295616, 169.476096, 165.675008, 205.12768, 217.972736, 287.965184, 120.455168, 125.960192, 144.965632, 174.98112, 173.01504, 216.2688]}, "preds_ws30_st630.0_ea1.0_snks0_hopf_True_type_snapkv_lenNone_gblFalse": {"gen_time(s)": [1737411583.976, 6.611999988555908, 8.111999988555908, 17.688999891281128, 14.848999977111816, 14.733999967575073, 22.933000087738037, 26.691999912261963, 23.53600001335144, 28.70900011062622, 32.861000061035156, 23.96499991416931, 27.421000003814697, 35.05999994277954, 27.34000015258789, 29.6729998588562, 18.707000017166138, 33.28600001335144, 29.447999954223633, 28.824000120162964, 29.371000051498413, 39.584999799728394, 23.4060001373291, 25.598000049591064, 33.37299990653992, 34.888999938964844, 31.318000078201294, 70.66799998283386, 45.789000034332275, 35.83800005912781, 59.513999938964844, 33.69199991226196, 41.82000017166138, 42.31499981880188, 68.79900002479553, 36.432000160217285, 56.906999826431274, 120.44600009918213, 33.450000047683716, 42.355000019073486, 68.01699995994568, 37.960999965667725, 40.15299987792969, 40.57599997520447, 67.8490002155304, 59.508999824523926, 237.28999996185303, 74.44400000572205, 45.82600021362305, 56.01899981498718, 54.61900019645691, 65.91499996185303, 71.65399980545044, 75.91200017929077, 38.282999992370605, 39.5939998626709, 47.19000005722046, 56.79900002479553, 42.81399989128113, 69.10300016403198], "inp_size": [32, 32, 31, 33, 38, 33, 22, 52, 43, 48, 99, 189, 130, 69, 62, 32, 101, 116, 109, 160, 30, 84, 127, 21, 53, 24, 78, 380, 27, 58, 36, 31, 61, 81, 328, 42, 70, 52, 288, 86, 50, 35, 59, 41, 21, 37, 42, 32, 42, 20, 21, 63, 68, 579, 50, 70, 34, 58, 361, 88], "out_size": [199, 147, 177, 399, 334, 324, 519, 599, 529, 652, 736, 548, 632, 799, 618, 658, 420, 757, 668, 663, 662, 894, 531, 588, 759, 787, 711, 1599, 1050, 813, 1353, 763, 946, 953, 1471, 826, 1290, 2710, 759, 963, 1543, 853, 925, 929, 1514, 1342, 5252, 1696, 1036, 1273, 1243, 1502, 1595, 1618, 869, 891, 1072, 1277, 959, 1562], "resp_len": [231, 179, 208, 432, 372, 357, 541, 651, 572, 700, 835, 737, 762, 868, 680, 690, 521, 873, 777, 823, 692, 978, 658, 609, 812, 811, 789, 1979, 1077, 871, 1389, 794, 1007, 1034, 1799, 868, 1360, 2762, 1047, 1049, 1593, 888, 984, 970, 1535, 1379, 5294, 1728, 1078, 1293, 1264, 1565, 1663, 2197, 919, 961, 1106, 1335, 1320, 1650], "KV_size": [121.110528, 93.847552, 109.051904, 226.492416, 195.035136, 187.170816, 283.639808, 341.311488, 299.892736, 367.0016, 437.78048, 386.400256, 399.507456, 455.081984, 356.51584, 361.75872, 273.154048, 457.703424, 407.371776, 431.489024, 362.807296, 512.753664, 344.981504, 319.291392, 425.721856, 425.197568, 413.663232, 1037.565952, 564.658176, 456.654848, 728.236032, 416.284672, 527.958016, 542.113792, 943.194112, 455.081984, 713.03168, 1448.083456, 548.929536, 549.978112, 835.190784, 465.567744, 515.899392, 508.55936, 804.78208, 722.993152, 2775.580672, 905.969664, 565.182464, 677.904384, 662.700032, 820.51072, 871.890944, 1151.860736, 481.820672, 503.840768, 579.862528, 699.92448, 692.06016, 865.0752], "attn_size": [0.0, 0.0, 0.0, 0.0, 0.0, 0.0, 0.0, 0.0, 0.0, 0.0, 0.0, 0.0, 0.0, 0.0, 0.0, 0.0, 0.0, 0.0, 0.0, 0.0, 0.0, 0.0, 0.0, 0.0, 0.0, 0.0, 0.0, 0.0, 0.0, 0.0, 0.0, 0.0, 0.0, 0.0, 0.0, 0.0, 0.0, 0.0, 0.0, 0.0, 0.0, 0.0, 0.0, 0.0, 0.0, 0.0, 0.0, 0.0, 0.0, 0.0, 0.0, 0.0, 0.0, 0.0, 0.0, 0.0, 0.0, 0.0, 0.0, 0.0], "total_cache": [121.110528, 93.847552, 109.051904, 226.492416, 195.035136, 187.170816, 283.639808, 341.311488, 299.892736, 367.0016, 437.78048, 386.400256, 399.507456, 455.081984, 356.51584, 361.75872, 273.154048, 457.703424, 407.371776, 431.489024, 362.807296, 512.753664, 344.981504, 319.291392, 425.721856, 425.197568, 413.663232, 1037.565952, 564.658176, 456.654848, 728.236032, 416.284672, 527.958016, 542.113792, 943.194112, 455.081984, 713.03168, 1448.083456, 548.929536, 549.978112, 835.190784, 465.567744, 515.899392, 508.55936, 804.78208, 722.993152, 2775.580672, 905.969664, 565.182464, 677.904384, 662.700032, 820.51072, 871.890944, 1151.860736, 481.820672, 503.840768, 579.862528, 699.92448, 692.06016, 865.0752]},